{"credit":"Made with Blockbench","texture_size":[128,128],"textures":{"0":"christmas_2023_animated:christmas_2023_animated/cristmas_texture_01","1":"christmas_2023_animated:christmas_2023_animated/cristmas_animation_01","particle":"christmas_2023_animated:christmas_2023_animated/cristmas_texture_01"},"elements":[{"from":[6.5,-15,5.5],"to":[9.5,-12,8.5],"rotation":{"angle":45,"axis":"x","origin":[7.7625,-14.5,8.0625]},"faces":{"north":{"uv":[2.25,1.5625,2.625,1.9375],"rotation":270,"texture":"#0"},"east":{"uv":[2.25,1.9375,1.875,1.5625],"texture":"#0"},"south":{"uv":[2.625,1.5625,3,1.9375],"texture":"#0"},"west":{"uv":[1.875,1.9375,2.25,1.5625],"texture":"#0"},"up":{"uv":[2.25,1.5625,2.625,1.9375],"rotation":270,"texture":"#0"},"down":{"uv":[2.625,1.9375,3,1.5625],"texture":"#0"}}},{"from":[7,-11,7],"to":[9,9,9],"rotation":{"angle":0,"axis":"y","origin":[0,-3,17]},"faces":{"north":{"uv":[0,5.875,0.25,8.375],"texture":"#0"},"east":{"uv":[0,5.875,0.25,8.375],"texture":"#0"},"south":{"uv":[0,5.875,0.25,8.375],"texture":"#0"},"west":{"uv":[0,5.875,0.25,8.375],"texture":"#0"},"up":{"uv":[0,5.875,0.25,6.125],"texture":"#0"},"down":{"uv":[0,5.875,0.25,6.125],"texture":"#0"}}},{"from":[8.5,18,11],"to":[8.5,22,15],"rotation":{"angle":22.5,"axis":"x","origin":[8.5,19,11.5]},"faces":{"north":{"uv":[0,0,0,14],"texture":"#missing"},"east":{"uv":[14.1875,0.9375,13.6875,1.4375],"texture":"#0"},"south":{"uv":[0,0,0,14],"texture":"#missing"},"west":{"uv":[13.6875,0.9375,14.1875,1.4375],"texture":"#0"},"up":{"uv":[0,0,0,16],"texture":"#missing"},"down":{"uv":[0,0,0,16],"texture":"#missing"}}},{"from":[8.5,18,1],"to":[8.5,22,5],"rotation":{"angle":-22.5,"axis":"x","origin":[8.5,19,4.5]},"faces":{"north":{"uv":[0,0,0,14],"texture":"#missing"},"east":{"uv":[13.6875,0.9375,14.1875,1.4375],"texture":"#0"},"south":{"uv":[0,0,0,14],"texture":"#missing"},"west":{"uv":[14.1875,0.9375,13.6875,1.4375],"texture":"#0"},"up":{"uv":[0,16,0,0],"texture":"#missing"},"down":{"uv":[0,16,0,0],"texture":"#missing"}}},{"from":[7.5,18,11],"to":[7.5,22,15],"rotation":{"angle":22.5,"axis":"x","origin":[7.5,19,11.5]},"faces":{"north":{"uv":[0,0,0,14],"texture":"#missing"},"east":{"uv":[14.1875,0.9375,13.6875,1.4375],"texture":"#0"},"south":{"uv":[0,0,0,14],"texture":"#missing"},"west":{"uv":[13.6875,0.9375,14.1875,1.4375],"texture":"#0"},"up":{"uv":[0,0,0,16],"texture":"#missing"},"down":{"uv":[0,0,0,16],"texture":"#missing"}}},{"from":[7.5,18,1],"to":[7.5,22,5],"rotation":{"angle":-22.5,"axis":"x","origin":[7.5,19,4.5]},"faces":{"north":{"uv":[0,0,0,14],"texture":"#missing"},"east":{"uv":[13.6875,0.9375,14.1875,1.4375],"texture":"#0"},"south":{"uv":[0,0,0,14],"texture":"#missing"},"west":{"uv":[14.1875,0.9375,13.6875,1.4375],"texture":"#0"},"up":{"uv":[0,16,0,0],"texture":"#missing"},"down":{"uv":[0,16,0,0],"texture":"#missing"}}},{"from":[6.75,-13.5,6.75],"to":[9.25,-11,9.25],"rotation":{"angle":0,"axis":"y","origin":[7,15.5,25]},"faces":{"north":{"uv":[2.1875,2.4375,2.5,2.125],"texture":"#0"},"east":{"uv":[2.1875,2.4375,2.5,2.125],"texture":"#0"},"south":{"uv":[2.1875,2.4375,2.5,2.125],"texture":"#0"},"west":{"uv":[2.1875,2.4375,2.5,2.125],"texture":"#0"},"up":{"uv":[2.5,2.4375,2.8125,2.125],"texture":"#0"},"down":{"uv":[2.5,2.4375,2.8125,2.125],"texture":"#0"}}},{"from":[7.9,-16,5.5],"to":[7.9,-9,13.5],"rotation":{"angle":-22.5,"axis":"x","origin":[7.9,-7.5,10.5]},"faces":{"north":{"uv":[0,0,0,12],"texture":"#missing"},"east":{"uv":[14.5,0,13.5,0.875],"texture":"#0"},"south":{"uv":[0,0,0,12],"texture":"#missing"},"west":{"uv":[13.5,0,14.5,0.875],"texture":"#0"},"up":{"uv":[0,0,0,10],"texture":"#missing"},"down":{"uv":[0,0,0,10],"texture":"#missing"}}},{"from":[6.4,-16,5.5],"to":[6.4,-11,10.5],"rotation":{"angle":0,"axis":"y","origin":[0,16,0]},"faces":{"north":{"uv":[0,14,0,0],"texture":"#missing"},"east":{"uv":[16,1.9375,15,0.9375],"texture":"#0"},"south":{"uv":[0,14,0,0],"texture":"#missing"},"west":{"uv":[15,1.9375,16,0.9375],"texture":"#0"},"up":{"uv":[0,16,0,0],"texture":"#missing"},"down":{"uv":[0,16,0,0],"texture":"#missing"}}},{"from":[9.6,-16,5.5],"to":[9.6,-11,10.5],"rotation":{"angle":0,"axis":"y","origin":[16,16,0]},"faces":{"north":{"uv":[0,14,0,0],"texture":"#missing"},"east":{"uv":[16,1.9375,15,0.9375],"texture":"#0"},"south":{"uv":[0,14,0,0],"texture":"#missing"},"west":{"uv":[15,1.9375,16,0.9375],"texture":"#0"},"up":{"uv":[0,16,0,0],"texture":"#missing"},"down":{"uv":[0,16,0,0],"texture":"#missing"}}},{"from":[5.3,10,4],"to":[5.3,18,12],"rotation":{"angle":0,"axis":"y","origin":[0,12,0]},"faces":{"north":{"uv":[0,0,0,16],"texture":"#1"},"east":{"uv":[16,0,0,16],"texture":"#1"},"south":{"uv":[0,0,0,16],"texture":"#1"},"west":{"uv":[0,0,16,16],"texture":"#1"},"up":{"uv":[0,16,0,0],"texture":"#1"},"down":{"uv":[0,0,0,16],"texture":"#1"}}},{"from":[8,18.3,4],"to":[8,26.3,12],"rotation":{"angle":0,"axis":"y","origin":[0,12,0]},"faces":{"north":{"uv":[0,0,0,16],"texture":"#1"},"east":{"uv":[16,0,0,16],"texture":"#1"},"south":{"uv":[0,0,0,16],"texture":"#1"},"west":{"uv":[0,0,16,16],"texture":"#1"},"up":{"uv":[0,16,0,0],"texture":"#1"},"down":{"uv":[0,0,0,16],"texture":"#1"}}},{"from":[10.7,10,4],"to":[10.7,18,12],"rotation":{"angle":0,"axis":"y","origin":[16,12,0]},"faces":{"north":{"uv":[0,0,0,16],"texture":"#1"},"east":{"uv":[16,0,0,16],"texture":"#1"},"south":{"uv":[0,0,0,16],"texture":"#1"},"west":{"uv":[0,0,16,16],"texture":"#1"},"up":{"uv":[0,16,0,0],"texture":"#1"},"down":{"uv":[0,0,0,16],"texture":"#1"}}},{"from":[6.75,9,6.75],"to":[9.25,11.5,9.25],"rotation":{"angle":0,"axis":"y","origin":[7,4.5,25]},"faces":{"north":{"uv":[1.5625,2.125,1.875,2.4375],"texture":"#0"},"east":{"uv":[1.5625,2.125,1.875,2.4375],"texture":"#0"},"south":{"uv":[1.5625,2.125,1.875,2.4375],"texture":"#0"},"west":{"uv":[1.5625,2.125,1.875,2.4375],"texture":"#0"},"up":{"uv":[1.875,2.125,2.1875,2.4375],"texture":"#0"},"down":{"uv":[1.875,2.125,2.1875,2.4375],"texture":"#0"}}},{"from":[7.9,13.1,-5.1],"to":[7.9,18.3,5.9],"rotation":{"angle":0,"axis":"y","origin":[8,3.7,0.4]},"faces":{"north":{"uv":[1.9375,2.9,2.325,2.5],"texture":"#0"},"east":{"uv":[12.9375,0.65,11.5625,0],"texture":"#0"},"south":{"uv":[1.9375,2.9,2.325,2.5],"texture":"#0"},"west":{"uv":[11.5625,0.65,12.9375,0],"texture":"#0"},"up":{"uv":[2.375,2.5,2.75,2.8875],"rotation":270,"texture":"#0"},"down":{"uv":[1.125,2.9375,1.5,3.325],"rotation":270,"texture":"#0"}}},{"from":[7.9,13.1,10.1],"to":[7.9,18.3,21.1],"rotation":{"angle":0,"axis":"y","origin":[8,3.7,15.6]},"faces":{"north":{"uv":[2.325,2.9,1.9375,2.5],"texture":"#0"},"east":{"uv":[11.5625,0.65,12.9375,0],"texture":"#0"},"south":{"uv":[2.325,2.9,1.9375,2.5],"texture":"#0"},"west":{"uv":[12.9375,0.65,11.5625,0],"texture":"#0"},"up":{"uv":[2.75,2.5,2.375,2.8875],"rotation":270,"texture":"#0"},"down":{"uv":[1.5,2.9375,1.125,3.325],"rotation":270,"texture":"#0"}}},{"from":[6.45,8.1,14.1],"to":[9.55,11.3,17.1],"rotation":{"angle":-22.5,"axis":"x","origin":[8,5.38858,5.9375]},"faces":{"north":{"uv":[2.325,2.9,1.9375,2.5],"texture":"#0"},"east":{"uv":[1.5,3.3375,1.875,2.9375],"texture":"#0"},"south":{"uv":[2.325,2.9,1.9375,2.5],"texture":"#0"},"west":{"uv":[1.875,3.3375,1.5,2.9375],"texture":"#0"},"up":{"uv":[2.75,2.5,2.375,2.8875],"rotation":270,"texture":"#0"},"down":{"uv":[1.5,2.9375,1.125,3.325],"rotation":270,"texture":"#0"}}},{"from":[5,7.5,8],"to":[11,9.5,13],"rotation":{"angle":-45,"axis":"x","origin":[17,11.375,10]},"faces":{"north":{"uv":[1.75,1.875,1,2.125],"texture":"#0"},"east":{"uv":[1,1.625,1.625,1.875],"texture":"#0"},"south":{"uv":[1.75,1.875,1,2.125],"texture":"#0"},"west":{"uv":[1.625,1.625,1,1.875],"texture":"#0"},"up":{"uv":[1,1.5,1.75,0.875],"texture":"#0"},"down":{"uv":[1,1.5,1.75,0.875],"texture":"#0"}}},{"from":[5,7.5,3],"to":[11,9.5,8],"rotation":{"angle":45,"axis":"x","origin":[17,11.375,6]},"faces":{"north":{"uv":[1,1.875,1.75,2.125],"texture":"#0"},"east":{"uv":[1.625,1.625,1,1.875],"texture":"#0"},"south":{"uv":[1,1.875,1.75,2.125],"texture":"#0"},"west":{"uv":[1,1.625,1.625,1.875],"texture":"#0"},"up":{"uv":[1,0.875,1.75,1.5],"texture":"#0"},"down":{"uv":[1,0.875,1.75,1.5],"texture":"#0"}}},{"from":[6,9.5,4],"to":[10,12.5,7],"rotation":{"angle":45,"axis":"x","origin":[17,11.375,6]},"faces":{"north":{"uv":[1.625,0,2.125,0.375],"texture":"#0"},"east":{"uv":[1.5,0,1.125,0.375],"texture":"#0"},"south":{"uv":[1.625,0,2.125,0.375],"texture":"#0"},"west":{"uv":[1.125,0,1.5,0.375],"texture":"#0"},"up":{"uv":[1.125,0.375,1.625,0.75],"texture":"#0"},"down":{"uv":[1.125,0.375,1.625,0.75],"texture":"#0"}}},{"from":[6,9.5,9],"to":[10,12.5,12],"rotation":{"angle":-45,"axis":"x","origin":[17,11.375,10]},"faces":{"north":{"uv":[2.125,0,1.625,0.375],"texture":"#0"},"east":{"uv":[1.125,0,1.5,0.375],"texture":"#0"},"south":{"uv":[2.125,0,1.625,0.375],"texture":"#0"},"west":{"uv":[1.5,0,1.125,0.375],"texture":"#0"},"up":{"uv":[1.125,0.75,1.625,0.375],"texture":"#0"},"down":{"uv":[1.125,0.75,1.625,0.375],"texture":"#0"}}},{"from":[6.45,8.1,-1.1],"to":[9.55,11.3,1.9],"rotation":{"angle":22.5,"axis":"x","origin":[8,5.38858,10.0625]},"faces":{"north":{"uv":[1.5,2.9,1.8875,2.5],"texture":"#0"},"east":{"uv":[1.5,2.9,1.125,2.5],"texture":"#0"},"south":{"uv":[1.5,2.9,1.8875,2.5],"texture":"#0"},"west":{"uv":[1.125,2.9,1.5,2.5],"texture":"#0"},"up":{"uv":[2.25,2.9375,2.625,3.325],"rotation":270,"texture":"#0"},"down":{"uv":[1.875,2.9375,2.25,3.325],"rotation":270,"texture":"#0"}}},{"from":[5.75,12.3,7.5],"to":[10.25,14.8,10],"rotation":{"angle":-45,"axis":"x","origin":[7,12.8,8]},"faces":{"north":{"uv":[2.1875,1,2.5,1.5625],"rotation":90,"texture":"#0"},"east":{"uv":[2.25,0.4375,2.5625,0.75],"rotation":90,"texture":"#0"},"south":{"uv":[1.875,1,2.1875,1.5625],"rotation":90,"texture":"#0"},"west":{"uv":[2.25,0.75,2.5625,0.4375],"rotation":90,"texture":"#0"},"up":{"uv":[1.875,1,2.1875,1.5625],"rotation":90,"texture":"#0"},"down":{"uv":[2.1875,1,2.5,1.5625],"rotation":90,"texture":"#0"}}},{"from":[10.1,11,5.5],"to":[10.1,18,10.5],"rotation":{"angle":22.5,"axis":"x","origin":[10.1,19.5,5.5]},"faces":{"north":{"uv":[0,0,0,12],"texture":"#missing"},"east":{"uv":[14.5,0,15.125,0.875],"texture":"#0"},"south":{"uv":[0,0,0,12],"texture":"#missing"},"west":{"uv":[15.125,0,14.5,0.875],"texture":"#0"},"up":{"uv":[0,10,0,0],"texture":"#missing"},"down":{"uv":[0,10,0,0],"texture":"#missing"}}},{"from":[10.1,11,5.5],"to":[10.1,18,10.5],"rotation":{"angle":-22.5,"axis":"x","origin":[10.1,19.5,10.5]},"faces":{"north":{"uv":[0,0,0,12],"texture":"#missing"},"east":{"uv":[15.125,0,14.5,0.875],"texture":"#0"},"south":{"uv":[0,0,0,12],"texture":"#missing"},"west":{"uv":[14.5,0,15.125,0.875],"texture":"#0"},"up":{"uv":[0,0,0,10],"texture":"#missing"},"down":{"uv":[0,0,0,10],"texture":"#missing"}}},{"from":[5.9,11,5.5],"to":[5.9,18,10.5],"rotation":{"angle":-22.5,"axis":"x","origin":[5.9,19.5,10.5]},"faces":{"north":{"uv":[0,0,0,12],"texture":"#missing"},"east":{"uv":[15.125,0,14.5,0.875],"texture":"#0"},"south":{"uv":[0,0,0,12],"texture":"#missing"},"west":{"uv":[14.5,0,15.125,0.875],"texture":"#0"},"up":{"uv":[0,0,0,10],"texture":"#missing"},"down":{"uv":[0,0,0,10],"texture":"#missing"}}},{"from":[5.9,11,5.5],"to":[5.9,18,10.5],"rotation":{"angle":22.5,"axis":"x","origin":[5.9,19.5,5.5]},"faces":{"north":{"uv":[0,0,0,12],"texture":"#missing"},"east":{"uv":[14.5,0,15.125,0.875],"texture":"#0"},"south":{"uv":[0,0,0,12],"texture":"#missing"},"west":{"uv":[15.125,0,14.5,0.875],"texture":"#0"},"up":{"uv":[0,10,0,0],"texture":"#missing"},"down":{"uv":[0,10,0,0],"texture":"#missing"}}},{"from":[7.5,25,5.5],"to":[7.5,32,10.5],"rotation":{"angle":22.5,"axis":"x","origin":[7.5,33.5,5.5]},"faces":{"north":{"uv":[0,0,0,12],"texture":"#missing"},"east":{"uv":[14.5,0,15.125,0.875],"texture":"#0"},"south":{"uv":[0,0,0,12],"texture":"#missing"},"west":{"uv":[15.125,0,14.5,0.875],"texture":"#0"},"up":{"uv":[0,10,0,0],"texture":"#missing"},"down":{"uv":[0,10,0,0],"texture":"#missing"}}},{"from":[7.5,25,5.5],"to":[7.5,32,10.5],"rotation":{"angle":-22.5,"axis":"x","origin":[7.5,33.5,10.5]},"faces":{"north":{"uv":[0,0,0,12],"texture":"#missing"},"east":{"uv":[15.125,0,14.5,0.875],"texture":"#0"},"south":{"uv":[0,0,0,12],"texture":"#missing"},"west":{"uv":[14.5,0,15.125,0.875],"texture":"#0"},"up":{"uv":[0,0,0,10],"texture":"#missing"},"down":{"uv":[0,0,0,10],"texture":"#missing"}}},{"from":[8.5,25,5.5],"to":[8.5,32,10.5],"rotation":{"angle":-22.5,"axis":"x","origin":[8.5,33.5,10.5]},"faces":{"north":{"uv":[0,0,0,12],"texture":"#missing"},"east":{"uv":[15.125,0,14.5,0.875],"texture":"#0"},"south":{"uv":[0,0,0,12],"texture":"#missing"},"west":{"uv":[14.5,0,15.125,0.875],"texture":"#0"},"up":{"uv":[0,0,0,10],"texture":"#missing"},"down":{"uv":[0,0,0,10],"texture":"#missing"}}},{"from":[8.5,25,5.5],"to":[8.5,32,10.5],"rotation":{"angle":22.5,"axis":"x","origin":[8.5,33.5,5.5]},"faces":{"north":{"uv":[0,0,0,12],"texture":"#missing"},"east":{"uv":[14.5,0,15.125,0.875],"texture":"#0"},"south":{"uv":[0,0,0,12],"texture":"#missing"},"west":{"uv":[15.125,0,14.5,0.875],"texture":"#0"},"up":{"uv":[0,10,0,0],"texture":"#missing"},"down":{"uv":[0,10,0,0],"texture":"#missing"}}},{"from":[7,27,7],"to":[9,29,9],"rotation":{"angle":0,"axis":"y","origin":[8,10,11]},"faces":{"north":{"uv":[3,1.5,3.25,1.75],"texture":"#0"},"east":{"uv":[3,1.5,3.25,1.75],"texture":"#0"},"south":{"uv":[3,1.5,3.25,1.75],"texture":"#0"},"west":{"uv":[3,1.5,3.25,1.75],"texture":"#0"},"up":{"uv":[3,1.5,3.25,1.75],"texture":"#0"},"down":{"uv":[3,1.5,3.25,1.75],"texture":"#0"}}},{"from":[6.45,11.5,5],"to":[9.55,15,8.5],"rotation":{"angle":45,"axis":"x","origin":[7.7625,12,8.0625]},"faces":{"north":{"uv":[2.6875,0.4375,3.075,0],"texture":"#0"},"east":{"uv":[2.6875,0.4375,2.25,0],"texture":"#0"},"south":{"uv":[2.6875,0.4375,3.075,0],"texture":"#0"},"west":{"uv":[2.25,0.4375,2.6875,0],"texture":"#0"},"up":{"uv":[3.125,0,3.5625,0.3875],"rotation":270,"texture":"#0"},"down":{"uv":[3.125,0,3.5625,0.3875],"rotation":270,"texture":"#0"}}},{"from":[6.5,11,3.5],"to":[9.5,14,12.5],"rotation":{"angle":0,"axis":"y","origin":[8,5.38858,8.0625]},"faces":{"north":{"uv":[1.125,2.5,1.5,2.125],"texture":"#0"},"east":{"uv":[1.125,2.625,0,2.25],"texture":"#0"},"south":{"uv":[1.125,2.5,1.5,2.125],"texture":"#0"},"west":{"uv":[0,2.625,1.125,2.25],"texture":"#0"},"up":{"uv":[0,2.625,1.125,3],"rotation":270,"texture":"#0"},"down":{"uv":[0,3,1.125,3.375],"rotation":270,"texture":"#0"}}},{"from":[7.7,16.5,1.5],"to":[7.7,29.5,14.5],"faces":{"north":{"uv":[0,0,0,1.5],"texture":"#missing"},"east":{"uv":[11.25,0.9375,12.875,2.5625],"texture":"#0"},"south":{"uv":[0,0,0,1.5],"texture":"#missing"},"west":{"uv":[11.25,0.9375,12.875,2.5625],"texture":"#0"},"up":{"uv":[0,0,0,1.5],"texture":"#missing"},"down":{"uv":[0,0,0,1.5],"texture":"#missing"}}},{"from":[8.3,16.5,1.5],"to":[8.3,29.5,14.5],"rotation":{"angle":0,"axis":"y","origin":[16,0,0]},"faces":{"north":{"uv":[0,0,0,1.5],"texture":"#missing"},"east":{"uv":[12.875,0.9375,11.25,2.5625],"texture":"#0"},"south":{"uv":[0,0,0,1.5],"texture":"#missing"},"west":{"uv":[12.875,0.9375,11.25,2.5625],"texture":"#0"},"up":{"uv":[0,0,0,1.5],"texture":"#missing"},"down":{"uv":[0,0,0,1.5],"texture":"#missing"}}}],"gui_light":"front","display":{"thirdperson_righthand":{"rotation":[36.25,59,0],"translation":[0,1.5,4],"scale":[0.6,0.6,0.6]},"thirdperson_lefthand":{"rotation":[36.25,59,0],"translation":[0,1.5,4],"scale":[0.6,0.6,0.6]},"firstperson_righthand":{"rotation":[-170.25,-5.5,177.78],"translation":[0.75,2.5,-0.75],"scale":[0.43164,0.43164,0.43164]},"firstperson_lefthand":{"rotation":[-170.25,-5.5,177.78],"translation":[0.75,2.5,-0.75],"scale":[0.43164,0.43164,0.43164]},"ground":{"rotation":[0,0,90],"translation":[1.25,0.25,0],"scale":[0.5,0.5,0.5]},"gui":{"rotation":[106,135,-90],"translation":[0,0,-1.25],"scale":[0.4068,0.4068,0.4068]},"head":{"rotation":[90,-168,90],"translation":[-0.5,11.75,0],"scale":[0.56,0.56,0.56]},"fixed":{"rotation":[0,90,0],"translation":[0,-2.25,-2.25],"scale":[0.87,0.87,0.87]}}}