{"credit":"MadewithBlockbench","texture_size":[64,64],"textures":{"0":"toy_furniture_v1:toy_furniture_v1/bed_3","particle":"toy_furniture_v1:toy_furniture_v1/bed_3"},"elements":[{"from":[0.5,0,-7],"to":[15.5,2,23],"rotation":{"angle":0,"axis":"y","origin":[8,0,9]},"faces":{"north":{"uv":[0,10.75,3.75,11.25],"texture":"#0"},"east":{"uv":[7.5,10.25,0,10.75],"texture":"#0"},"south":{"uv":[0,10.75,3.75,11.25],"texture":"#0"},"west":{"uv":[0,10.25,7.5,10.75],"texture":"#0"},"down":{"uv":[12,0,8.25,7.5],"texture":"#0"}}},{"from":[0,2,17],"to":[16,9,23.5],"rotation":{"angle":0,"axis":"y","origin":[0,0,8]},"faces":{"east":{"uv":[15.125,4.5,13.5,6.25],"texture":"#0"},"south":{"uv":[0,3.5,4,5.25],"texture":"#0"},"west":{"uv":[13.5,4.5,15.125,6.25],"texture":"#0"},"up":{"uv":[4,10.25,0,8.625],"texture":"#0"},"down":{"uv":[4,7,0,8.625],"texture":"#0"}}},{"from":[-1,1.8,11],"to":[17,9.8,17],"rotation":{"angle":0,"axis":"y","origin":[8,0,9]},"faces":{"north":{"uv":[8.25,12.5,12.75,14.5],"texture":"#0"},"east":{"uv":[13.5,4.5,12,6.5],"texture":"#0"},"south":{"uv":[8.25,9,12.75,11],"texture":"#0"},"west":{"uv":[12,4.5,13.5,6.5],"texture":"#0"},"up":{"uv":[12.75,9,8.25,7.5],"texture":"#0"},"down":{"uv":[12.75,11,8.25,12.5],"texture":"#0"}}},{"name":"pillow","from":[2,9,17.25],"to":[14,11,23.25],"rotation":{"angle":0,"axis":"y","origin":[11,9,15]},"faces":{"north":{"uv":[15,4,12,4.5],"rotation":180,"texture":"#0"},"east":{"uv":[3.5,11.25,3,12.75],"rotation":270,"texture":"#0"},"south":{"uv":[15,4.5,12,4],"texture":"#0"},"west":{"uv":[3,11.25,3.5,12.75],"rotation":90,"texture":"#0"},"up":{"uv":[0,11.25,3,12.75],"rotation":180,"texture":"#0"}}},{"from":[-0.5,1.5,-4],"to":[16.5,9.5,8],"rotation":{"angle":0,"axis":"y","origin":[8,0,9]},"faces":{"north":{"uv":[4,8,8.25,10],"texture":"#0"},"east":{"uv":[12,0,15,2],"texture":"#0"},"south":{"uv":[4,6,8.25,8],"texture":"#0"},"west":{"uv":[12,2,15,4],"texture":"#0"},"up":{"uv":[8.25,3,4,0],"texture":"#0"},"down":{"uv":[8.25,3,4,6],"texture":"#0"}}},{"from":[0,2,8],"to":[16,9,11],"rotation":{"angle":0,"axis":"y","origin":[8,0,9]},"faces":{"east":{"uv":[14.5,6.25,15.25,8],"texture":"#0"},"west":{"uv":[15.25,6.25,14.5,8],"texture":"#0"},"up":{"uv":[4,0.75,0,0],"texture":"#0"},"down":{"uv":[4,1.75,0,2.5],"texture":"#0"}}},{"from":[0,2,-7.75],"to":[16,9,-3.75],"rotation":{"angle":0,"axis":"y","origin":[8,0,9]},"faces":{"north":{"uv":[0,5.25,4,7],"texture":"#0"},"east":{"uv":[14.5,6.25,13.5,8],"texture":"#0"},"west":{"uv":[13.5,6.25,14.5,8],"texture":"#0"},"up":{"uv":[4,1.75,0,0.75],"texture":"#0"},"down":{"uv":[4,2.5,0,3.5],"texture":"#0"}}}],"gui_light":"front","display":{"thirdperson_righthand":{"rotation":[67.5,90,0],"translation":[0,2.5,0.75],"scale":[0.26367,0.26172,0.26172]},"thirdperson_lefthand":{"rotation":[67.5,90,0],"translation":[0,2.5,0.75],"scale":[0.26367,0.26172,0.26172]},"firstperson_righthand":{"rotation":[-180,90,-180],"translation":[1.25,4.5,0.5],"scale":[0.34375,0.34375,0.34375]},"firstperson_lefthand":{"rotation":[-180,90,-180],"translation":[1.25,4.5,0.5],"scale":[0.34375,0.34375,0.34375]},"ground":{"translation":[0,4,0],"scale":[0.4,0.4,0.4]},"gui":{"rotation":[35,135,0],"translation":[0,1,0],"scale":[0.44453,0.44453,0.44453]},"head":{"rotation":[0,-180,0],"translation":[0,-30.4,13.15],"scale":[1.6,1.6,1.6]},"fixed":{"rotation":[-90,0,0],"translation":[0,15.5,-16],"scale":[2,2,2]}}}