{"credit":"MadewithBlockbench","texture_size":[128,128],"textures":{"0":"elitecreatures:rome_empire_furniture_v1/02_long_chair_texture","particle":"elitecreatures:rome_empire_furniture_v1/02_long_chair_texture"},"elements":[{"from":[-13,7,2],"to":[13,11,14],"faces":{"north":{"uv":[3.25,0,6.5,0.5],"texture":"#0"},"east":{"uv":[4.5,1,6,1.5],"texture":"#0"},"south":{"uv":[3.25,0,6.5,0.5],"texture":"#0"},"west":{"uv":[4.5,1,6,1.5],"texture":"#0"},"up":{"uv":[3.25,1.5,0,0],"texture":"#0"},"down":{"uv":[3.25,1.5,0,3],"texture":"#0"}}},{"from":[-11,11,2],"to":[11,13,14],"rotation":{"angle":0,"axis":"y","origin":[2,0,0]},"faces":{"north":{"uv":[1.25,4.5,4,4.75],"texture":"#0"},"east":{"uv":[4.5,5.375,6,5.625],"texture":"#0"},"south":{"uv":[4,4.5,1.25,4.75],"texture":"#0"},"west":{"uv":[5.5,3,7,3.25],"texture":"#0"},"up":{"uv":[2.75,4.5,0,3],"texture":"#0"},"down":{"uv":[5.5,3,2.75,4.5],"texture":"#0"}}},{"from":[-13.5,11,3],"to":[-11,13.5,13],"rotation":{"angle":0,"axis":"y","origin":[2,0,0]},"faces":{"north":{"uv":[4.125,6.25,4.4375,6.5625],"texture":"#0"},"east":{"uv":[1.25,5,2.5,5.3125],"texture":"#0"},"south":{"uv":[4.4375,6.25,4.125,6.5625],"texture":"#0"},"west":{"uv":[2.5,5,3.75,5.3125],"texture":"#0"},"up":{"uv":[4.0625,6.25,3.75,5],"texture":"#0"},"down":{"uv":[4.4375,5,4.125,6.25],"texture":"#0"}}},{"from":[11,11,3],"to":[13.5,13.5,13],"rotation":{"angle":0,"axis":"y","origin":[14,0,0]},"faces":{"north":{"uv":[4.4375,6.25,4.125,6.5625],"texture":"#0"},"east":{"uv":[3.75,5,2.5,5.3125],"texture":"#0"},"south":{"uv":[4.125,6.25,4.4375,6.5625],"texture":"#0"},"west":{"uv":[2.5,5,1.25,5.3125],"texture":"#0"},"up":{"uv":[3.75,6.25,4.0625,5],"texture":"#0"},"down":{"uv":[4.125,5,4.4375,6.25],"texture":"#0"}}},{"from":[-16,11,2.01],"to":[-11,13,13.99],"rotation":{"angle":-45,"axis":"z","origin":[-11,11,8]},"faces":{"north":{"uv":[3.5,6.25,4.125,6.5],"texture":"#0"},"east":{"uv":[5.5,3.25,7,3.5],"texture":"#0"},"south":{"uv":[4.125,6.25,3.5,6.5],"texture":"#0"},"west":{"uv":[5.5,3.5,7,3.75],"texture":"#0"},"up":{"uv":[3.875,2.5,3.25,1],"texture":"#0"},"down":{"uv":[4.5,1,3.875,2.5],"texture":"#0"}}},{"from":[11,11,2.01],"to":[16,13,13.99],"rotation":{"angle":45,"axis":"z","origin":[11,11,8]},"faces":{"north":{"uv":[4.125,6.25,3.5,6.5],"texture":"#0"},"east":{"uv":[7,3.5,5.5,3.75],"texture":"#0"},"south":{"uv":[3.5,6.25,4.125,6.5],"texture":"#0"},"west":{"uv":[7,3.25,5.5,3.5],"texture":"#0"},"up":{"uv":[3.25,2.5,3.875,1],"texture":"#0"},"down":{"uv":[3.875,1,4.5,2.5],"texture":"#0"}}},{"from":[-14,7,1],"to":[14,8,2],"faces":{"north":{"uv":[4.5,2.25,8,2.375],"texture":"#0"},"east":{"uv":[6.875,6.375,7,6.5],"texture":"#0"},"south":{"uv":[4.5,2.375,8,2.5],"texture":"#0"},"west":{"uv":[6.5,6.875,6.625,7],"texture":"#0"},"up":{"uv":[4.5,2.25,8,2.375],"texture":"#0"},"down":{"uv":[4.5,2.25,8,2.375],"texture":"#0"}}},{"from":[-14,7,14],"to":[14,8,15],"rotation":{"angle":0,"axis":"y","origin":[0,0,16]},"faces":{"north":{"uv":[8,2.375,4.5,2.5],"texture":"#0"},"east":{"uv":[7,6.375,6.875,6.5],"texture":"#0"},"south":{"uv":[8,2.25,4.5,2.375],"texture":"#0"},"west":{"uv":[6.625,6.875,6.5,7],"texture":"#0"},"up":{"uv":[4.5,2.375,8,2.25],"texture":"#0"},"down":{"uv":[4.5,2.375,8,2.25],"texture":"#0"}}},{"from":[-14,7,2],"to":[-13,8,14],"faces":{"north":{"uv":[0.125,7.25,0.25,7.375],"texture":"#0"},"east":{"uv":[5.5,4.25,7,4.375],"texture":"#0"},"south":{"uv":[7.25,0.5,7.375,0.625],"texture":"#0"},"west":{"uv":[5.5,4.375,7,4.5],"texture":"#0"},"up":{"uv":[0.875,7.5,0.75,6],"texture":"#0"},"down":{"uv":[0.75,7.5,0.875,6],"texture":"#0"}}},{"from":[13,7,2],"to":[14,8,14],"rotation":{"angle":0,"axis":"y","origin":[16,0,0]},"faces":{"north":{"uv":[0.25,7.25,0.125,7.375],"texture":"#0"},"east":{"uv":[7,4.375,5.5,4.5],"texture":"#0"},"south":{"uv":[7.375,0.5,7.25,0.625],"texture":"#0"},"west":{"uv":[7,4.25,5.5,4.375],"texture":"#0"},"up":{"uv":[0.75,7.5,0.875,6],"texture":"#0"},"down":{"uv":[0.875,7.5,0.75,6],"texture":"#0"}}},{"from":[-14,10,2],"to":[-13,11,14],"rotation":{"angle":0,"axis":"y","origin":[0,16,0]},"faces":{"north":{"uv":[0.125,7.375,0.25,7.25],"texture":"#0"},"east":{"uv":[5.5,4.375,7,4.25],"texture":"#0"},"south":{"uv":[7.25,0.625,7.375,0.5],"texture":"#0"},"west":{"uv":[5.5,4.5,7,4.375],"texture":"#0"},"up":{"uv":[0.75,6,0.875,7.5],"texture":"#0"},"down":{"uv":[0.875,6,0.75,7.5],"texture":"#0"}}},{"from":[-14,10,1],"to":[14,11,2],"rotation":{"angle":0,"axis":"y","origin":[0,16,0]},"faces":{"north":{"uv":[4.5,2.375,8,2.25],"texture":"#0"},"east":{"uv":[6.875,6.5,7,6.375],"texture":"#0"},"south":{"uv":[4.5,2.5,8,2.375],"texture":"#0"},"west":{"uv":[6.5,7,6.625,6.875],"texture":"#0"},"up":{"uv":[4.5,2.375,8,2.25],"texture":"#0"},"down":{"uv":[4.5,2.375,8,2.25],"texture":"#0"}}},{"from":[-14,10,14],"to":[14,11,15],"rotation":{"angle":0,"axis":"y","origin":[0,16,16]},"faces":{"north":{"uv":[8,2.5,4.5,2.375],"texture":"#0"},"east":{"uv":[7,6.5,6.875,6.375],"texture":"#0"},"south":{"uv":[8,2.375,4.5,2.25],"texture":"#0"},"west":{"uv":[6.625,7,6.5,6.875],"texture":"#0"},"up":{"uv":[4.5,2.25,8,2.375],"texture":"#0"},"down":{"uv":[4.5,2.25,8,2.375],"texture":"#0"}}},{"from":[13,10,2],"to":[14,11,14],"rotation":{"angle":0,"axis":"y","origin":[16,16,0]},"faces":{"north":{"uv":[0.25,7.375,0.125,7.25],"texture":"#0"},"east":{"uv":[7,4.5,5.5,4.375],"texture":"#0"},"south":{"uv":[7.375,0.625,7.25,0.5],"texture":"#0"},"west":{"uv":[7,4.375,5.5,4.25],"texture":"#0"},"up":{"uv":[0.875,6,0.75,7.5],"texture":"#0"},"down":{"uv":[0.75,6,0.875,7.5],"texture":"#0"}}},{"from":[-11,8,0],"to":[-9,10,3],"rotation":{"angle":-45,"axis":"z","origin":[-10,9,2]},"faces":{"north":{"uv":[3.5,7.125,3.75,7.375],"texture":"#0"},"east":{"uv":[7.25,0.625,6.875,0.375],"texture":"#0"},"south":{"uv":[3.75,7.125,4,7.375],"texture":"#0"},"west":{"uv":[6.875,0.375,7.25,0.625],"texture":"#0"},"up":{"uv":[2,7.25,2.25,6.875],"texture":"#0"},"down":{"uv":[2.25,6.875,2,7.25],"texture":"#0"}}},{"from":[9,8,0],"to":[11,10,3],"rotation":{"angle":-45,"axis":"z","origin":[10,9,1.5]},"faces":{"north":{"uv":[3.5,7.125,3.75,7.375],"texture":"#0"},"east":{"uv":[7.25,0.625,6.875,0.375],"texture":"#0"},"south":{"uv":[3.75,7.125,4,7.375],"texture":"#0"},"west":{"uv":[6.875,0.375,7.25,0.625],"texture":"#0"},"up":{"uv":[2,7.25,2.25,6.875],"texture":"#0"},"down":{"uv":[2.25,6.875,2,7.25],"texture":"#0"}}},{"from":[-11,8,13],"to":[-9,10,16],"rotation":{"angle":-45,"axis":"z","origin":[-10,9,14]},"faces":{"north":{"uv":[4,7.125,3.75,7.375],"texture":"#0"},"east":{"uv":[6.875,0.625,7.25,0.375],"texture":"#0"},"south":{"uv":[3.75,7.125,3.5,7.375],"texture":"#0"},"west":{"uv":[7.25,0.375,6.875,0.625],"texture":"#0"},"up":{"uv":[2,6.875,2.25,7.25],"texture":"#0"},"down":{"uv":[2.25,7.25,2,6.875],"texture":"#0"}}},{"from":[9,8,13],"to":[11,10,16],"rotation":{"angle":-45,"axis":"z","origin":[10,9,14.5]},"faces":{"north":{"uv":[4,7.125,3.75,7.375],"texture":"#0"},"east":{"uv":[6.875,0.625,7.25,0.375],"texture":"#0"},"south":{"uv":[3.75,7.125,3.5,7.375],"texture":"#0"},"west":{"uv":[7.25,0.375,6.875,0.625],"texture":"#0"},"up":{"uv":[2,6.875,2.25,7.25],"texture":"#0"},"down":{"uv":[2.25,7.25,2,6.875],"texture":"#0"}}},{"from":[-13.85355,4.5,1.14645],"to":[-12.85355,4.75,2.14645],"rotation":{"angle":45,"axis":"y","origin":[-13.35355,4.5625,1.64645]},"faces":{"north":{"uv":[7.25,3.875,7.375,3.9375],"texture":"#0"},"east":{"uv":[7.25,4,7.375,4.0625],"texture":"#0"},"south":{"uv":[7.25,4.125,7.375,4.1875],"texture":"#0"},"west":{"uv":[7.25,4.25,7.375,4.3125],"texture":"#0"},"up":{"uv":[1.875,7.375,1.75,7.25],"texture":"#0"},"down":{"uv":[2,7.25,1.875,7.375],"texture":"#0"}}},{"from":[-14.60355,4,0.39645],"to":[-12.10355,4.5,2.89645],"rotation":{"angle":45,"axis":"y","origin":[-13.35355,4.5625,1.64645]},"faces":{"north":{"uv":[6,1.375,6.3125,1.4375],"texture":"#0"},"east":{"uv":[6,1.375,6.3125,1.4375],"texture":"#0"},"south":{"uv":[6,1.375,6.3125,1.4375],"texture":"#0"},"west":{"uv":[6,1.375,6.3125,1.4375],"texture":"#0"},"up":{"uv":[3.8125,6.8125,3.5,6.5],"texture":"#0"},"down":{"uv":[3.8125,6.8125,3.5,6.5],"texture":"#0"}}},{"from":[-14.35355,2,0.64645],"to":[-12.35355,4,2.64645],"rotation":{"angle":45,"axis":"y","origin":[-13.35355,4.5625,1.64645]},"faces":{"north":{"uv":[4.25,6.875,4.5,7.125],"texture":"#0"},"east":{"uv":[4.25,6.875,4.5,7.125],"texture":"#0"},"south":{"uv":[4.25,6.875,4.5,7.125],"texture":"#0"},"west":{"uv":[4.25,6.875,4.5,7.125],"texture":"#0"},"up":{"uv":[5.5,7.125,5.25,6.875],"texture":"#0"},"down":{"uv":[4.25,6.875,4.5,7.125],"texture":"#0"}}},{"from":[-13.85355,0,1.14645],"to":[-12.85355,2,2.14645],"rotation":{"angle":45,"axis":"y","origin":[-13.35355,4.5625,1.64645]},"faces":{"north":{"uv":[0.625,6.875,0.75,7.125],"texture":"#0"},"east":{"uv":[0.625,6.875,0.75,7.125],"texture":"#0"},"south":{"uv":[0.625,6.875,0.75,7.125],"texture":"#0"},"west":{"uv":[0.625,6.875,0.75,7.125],"texture":"#0"},"up":{"uv":[2.125,7.375,2,7.25],"texture":"#0"},"down":{"uv":[2.25,7.25,2.125,7.375],"texture":"#0"}}},{"from":[-14.35355,4.75,0.64645],"to":[-12.35355,11.5,2.64645],"rotation":{"angle":45,"axis":"y","origin":[-13.35355,4.5625,1.64645]},"faces":{"north":{"uv":[3.25,5.375,3.5,6.25],"texture":"#0"},"east":{"uv":[3.25,5.375,3.5,6.25],"texture":"#0"},"south":{"uv":[3.25,5.375,3.5,6.25],"texture":"#0"},"west":{"uv":[3.25,5.375,3.5,6.25],"texture":"#0"},"up":{"uv":[5.75,7.125,5.5,6.875],"texture":"#0"},"down":{"uv":[7.125,5.625,6.875,5.875],"texture":"#0"}}},{"from":[12.85355,4.5,1.14645],"to":[13.85355,4.75,2.14645],"rotation":{"angle":-45,"axis":"y","origin":[13.35355,4.5625,1.64645]},"faces":{"north":{"uv":[7.375,3.875,7.25,3.9375],"texture":"#0"},"east":{"uv":[7.375,4.25,7.25,4.3125],"texture":"#0"},"south":{"uv":[7.375,4.125,7.25,4.1875],"texture":"#0"},"west":{"uv":[7.375,4,7.25,4.0625],"texture":"#0"},"up":{"uv":[1.75,7.375,1.875,7.25],"texture":"#0"},"down":{"uv":[1.875,7.25,2,7.375],"texture":"#0"}}},{"from":[12.10355,4,0.39645],"to":[14.60355,4.5,2.89645],"rotation":{"angle":-45,"axis":"y","origin":[13.35355,4.5625,1.64645]},"faces":{"north":{"uv":[6.3125,1.375,6,1.4375],"texture":"#0"},"east":{"uv":[6.3125,1.375,6,1.4375],"texture":"#0"},"south":{"uv":[6.3125,1.375,6,1.4375],"texture":"#0"},"west":{"uv":[6.3125,1.375,6,1.4375],"texture":"#0"},"up":{"uv":[3.5,6.8125,3.8125,6.5],"texture":"#0"},"down":{"uv":[3.5,6.8125,3.8125,6.5],"texture":"#0"}}},{"from":[12.35355,2,0.64645],"to":[14.35355,4,2.64645],"rotation":{"angle":-45,"axis":"y","origin":[13.35355,4.5625,1.64645]},"faces":{"north":{"uv":[4.5,6.875,4.25,7.125],"texture":"#0"},"east":{"uv":[4.5,6.875,4.25,7.125],"texture":"#0"},"south":{"uv":[4.5,6.875,4.25,7.125],"texture":"#0"},"west":{"uv":[4.5,6.875,4.25,7.125],"texture":"#0"},"up":{"uv":[5.25,7.125,5.5,6.875],"texture":"#0"},"down":{"uv":[4.5,6.875,4.25,7.125],"texture":"#0"}}},{"from":[12.85355,0,1.14645],"to":[13.85355,2,2.14645],"rotation":{"angle":-45,"axis":"y","origin":[13.35355,4.5625,1.64645]},"faces":{"north":{"uv":[0.75,6.875,0.625,7.125],"texture":"#0"},"east":{"uv":[0.75,6.875,0.625,7.125],"texture":"#0"},"south":{"uv":[0.75,6.875,0.625,7.125],"texture":"#0"},"west":{"uv":[0.75,6.875,0.625,7.125],"texture":"#0"},"up":{"uv":[2,7.375,2.125,7.25],"texture":"#0"},"down":{"uv":[2.125,7.25,2.25,7.375],"texture":"#0"}}},{"from":[12.35355,4.75,0.64645],"to":[14.35355,11.5,2.64645],"rotation":{"angle":-45,"axis":"y","origin":[13.35355,4.5625,1.64645]},"faces":{"north":{"uv":[3.5,5.375,3.25,6.25],"texture":"#0"},"east":{"uv":[3.5,5.375,3.25,6.25],"texture":"#0"},"south":{"uv":[3.5,5.375,3.25,6.25],"texture":"#0"},"west":{"uv":[3.5,5.375,3.25,6.25],"texture":"#0"},"up":{"uv":[5.5,7.125,5.75,6.875],"texture":"#0"},"down":{"uv":[6.875,5.625,7.125,5.875],"texture":"#0"}}},{"from":[-13.85355,4.5,13.85355],"to":[-12.85355,4.75,14.85355],"rotation":{"angle":-45,"axis":"y","origin":[-13.35355,4.5625,14.35355]},"faces":{"north":{"uv":[7.375,4.125,7.25,4.1875],"texture":"#0"},"east":{"uv":[7.375,4,7.25,4.0625],"texture":"#0"},"south":{"uv":[7.375,3.875,7.25,3.9375],"texture":"#0"},"west":{"uv":[7.375,4.25,7.25,4.3125],"texture":"#0"},"up":{"uv":[1.875,7.25,1.75,7.375],"texture":"#0"},"down":{"uv":[2,7.375,1.875,7.25],"texture":"#0"}}},{"from":[-14.60355,4,13.10355],"to":[-12.10355,4.5,15.60355],"rotation":{"angle":-45,"axis":"y","origin":[-13.35355,4.5625,14.35355]},"faces":{"north":{"uv":[6.3125,1.375,6,1.4375],"texture":"#0"},"east":{"uv":[6.3125,1.375,6,1.4375],"texture":"#0"},"south":{"uv":[6.3125,1.375,6,1.4375],"texture":"#0"},"west":{"uv":[6.3125,1.375,6,1.4375],"texture":"#0"},"up":{"uv":[3.8125,6.5,3.5,6.8125],"texture":"#0"},"down":{"uv":[3.8125,6.5,3.5,6.8125],"texture":"#0"}}},{"from":[-14.35355,2,13.35355],"to":[-12.35355,4,15.35355],"rotation":{"angle":-45,"axis":"y","origin":[-13.35355,4.5625,14.35355]},"faces":{"north":{"uv":[4.5,6.875,4.25,7.125],"texture":"#0"},"east":{"uv":[4.5,6.875,4.25,7.125],"texture":"#0"},"south":{"uv":[4.5,6.875,4.25,7.125],"texture":"#0"},"west":{"uv":[4.5,6.875,4.25,7.125],"texture":"#0"},"up":{"uv":[5.5,6.875,5.25,7.125],"texture":"#0"},"down":{"uv":[4.25,7.125,4.5,6.875],"texture":"#0"}}},{"from":[-13.85355,0,13.85355],"to":[-12.85355,2,14.85355],"rotation":{"angle":-45,"axis":"y","origin":[-13.35355,4.5625,14.35355]},"faces":{"north":{"uv":[0.75,6.875,0.625,7.125],"texture":"#0"},"east":{"uv":[0.75,6.875,0.625,7.125],"texture":"#0"},"south":{"uv":[0.75,6.875,0.625,7.125],"texture":"#0"},"west":{"uv":[0.75,6.875,0.625,7.125],"texture":"#0"},"up":{"uv":[2.125,7.25,2,7.375],"texture":"#0"},"down":{"uv":[2.25,7.375,2.125,7.25],"texture":"#0"}}},{"from":[-14.35355,4.75,13.35355],"to":[-12.35355,11.5,15.35355],"rotation":{"angle":-45,"axis":"y","origin":[-13.35355,4.5625,14.35355]},"faces":{"north":{"uv":[3.5,5.375,3.25,6.25],"texture":"#0"},"east":{"uv":[3.5,5.375,3.25,6.25],"texture":"#0"},"south":{"uv":[3.5,5.375,3.25,6.25],"texture":"#0"},"west":{"uv":[3.5,5.375,3.25,6.25],"texture":"#0"},"up":{"uv":[5.75,6.875,5.5,7.125],"texture":"#0"},"down":{"uv":[7.125,5.875,6.875,5.625],"texture":"#0"}}},{"from":[12.85355,4.5,13.85355],"to":[13.85355,4.75,14.85355],"rotation":{"angle":45,"axis":"y","origin":[13.35355,4.5625,14.35355]},"faces":{"north":{"uv":[7.25,4.125,7.375,4.1875],"texture":"#0"},"east":{"uv":[7.25,4.25,7.375,4.3125],"texture":"#0"},"south":{"uv":[7.25,3.875,7.375,3.9375],"texture":"#0"},"west":{"uv":[7.25,4,7.375,4.0625],"texture":"#0"},"up":{"uv":[1.75,7.25,1.875,7.375],"texture":"#0"},"down":{"uv":[1.875,7.375,2,7.25],"texture":"#0"}}},{"from":[12.10355,4,13.10355],"to":[14.60355,4.5,15.60355],"rotation":{"angle":45,"axis":"y","origin":[13.35355,4.5625,14.35355]},"faces":{"north":{"uv":[6,1.375,6.3125,1.4375],"texture":"#0"},"east":{"uv":[6,1.375,6.3125,1.4375],"texture":"#0"},"south":{"uv":[6,1.375,6.3125,1.4375],"texture":"#0"},"west":{"uv":[6,1.375,6.3125,1.4375],"texture":"#0"},"up":{"uv":[3.5,6.5,3.8125,6.8125],"texture":"#0"},"down":{"uv":[3.5,6.5,3.8125,6.8125],"texture":"#0"}}},{"from":[12.35355,2,13.35355],"to":[14.35355,4,15.35355],"rotation":{"angle":45,"axis":"y","origin":[13.35355,4.5625,14.35355]},"faces":{"north":{"uv":[4.25,6.875,4.5,7.125],"texture":"#0"},"east":{"uv":[4.25,6.875,4.5,7.125],"texture":"#0"},"south":{"uv":[4.25,6.875,4.5,7.125],"texture":"#0"},"west":{"uv":[4.25,6.875,4.5,7.125],"texture":"#0"},"up":{"uv":[5.25,6.875,5.5,7.125],"texture":"#0"},"down":{"uv":[4.5,7.125,4.25,6.875],"texture":"#0"}}},{"from":[12.85355,0,13.85355],"to":[13.85355,2,14.85355],"rotation":{"angle":45,"axis":"y","origin":[13.35355,4.5625,14.35355]},"faces":{"north":{"uv":[0.625,6.875,0.75,7.125],"texture":"#0"},"east":{"uv":[0.625,6.875,0.75,7.125],"texture":"#0"},"south":{"uv":[0.625,6.875,0.75,7.125],"texture":"#0"},"west":{"uv":[0.625,6.875,0.75,7.125],"texture":"#0"},"up":{"uv":[2,7.25,2.125,7.375],"texture":"#0"},"down":{"uv":[2.125,7.375,2.25,7.25],"texture":"#0"}}},{"from":[12.35355,4.75,13.35355],"to":[14.35355,11.5,15.35355],"rotation":{"angle":45,"axis":"y","origin":[13.35355,4.5625,14.35355]},"faces":{"north":{"uv":[3.25,5.375,3.5,6.25],"texture":"#0"},"east":{"uv":[3.25,5.375,3.5,6.25],"texture":"#0"},"south":{"uv":[3.25,5.375,3.5,6.25],"texture":"#0"},"west":{"uv":[3.25,5.375,3.5,6.25],"texture":"#0"},"up":{"uv":[5.5,6.875,5.75,7.125],"texture":"#0"},"down":{"uv":[6.875,5.875,7.125,5.625],"texture":"#0"}}}],"gui_light":"front","display":{"thirdperson_righthand":{"rotation":[67.5,0,0],"translation":[1.5,1.5,-0.25],"scale":[0.18805,0.18805,0.18805]},"thirdperson_lefthand":{"rotation":[67.5,0,0],"translation":[-1.5,1.5,-0.25],"scale":[0.18805,0.18805,0.18805]},"firstperson_righthand":{"translation":[2.75,2.5,0],"scale":[0.27836,0.27836,0.27836]},"firstperson_lefthand":{"translation":[-1.5,2.5,0],"scale":[0.27836,0.27836,0.27836]},"ground":{"translation":[3.5,6,0],"scale":[0.45,0.45,0.45]},"gui":{"rotation":[30,135,0],"translation":[-2.75,1.25,0],"scale":[0.48664,0.48664,0.48664]},"head":{"rotation":[0,180,0],"translation":[0,-30.4,0],"scale":[1.6,1.6,1.6]},"fixed":{"rotation":[-90,0,0],"translation":[0,0,-16],"scale":[2,2,2]}}}