{"credit":"MadewithBlockbench","texture_size":[64,64],"textures":{"1":"elitecreatures:rome_empire_furniture_v1/19_table_texture","particle":"elitecreatures:rome_empire_furniture_v1/01_chair_texture"},"elements":[{"from":[0,0.25,1],"to":[2,2.25,15],"rotation":{"angle":-45,"axis":"z","origin":[2,0.25,8]},"faces":{"north":{"uv":[8.75,5.25,9.25,5.75],"texture":"#1"},"east":{"uv":[4,0,7.5,0.5],"texture":"#1"},"south":{"uv":[9,8.25,9.5,8.75],"texture":"#1"},"west":{"uv":[4,0.5,7.5,1],"texture":"#1"},"up":{"uv":[4.5,4.5,4,1],"texture":"#1"},"down":{"uv":[5,1,4.5,4.5],"texture":"#1"}}},{"from":[14,0.25,1],"to":[16,2.25,15],"rotation":{"angle":45,"axis":"z","origin":[14,0.25,8]},"faces":{"north":{"uv":[9,8.75,9.5,9.25],"texture":"#1"},"east":{"uv":[4,4.5,7.5,5],"texture":"#1"},"south":{"uv":[0,9.25,0.5,9.75],"texture":"#1"},"west":{"uv":[5,1,8.5,1.5],"texture":"#1"},"up":{"uv":[4.5,8.5,4,5],"texture":"#1"},"down":{"uv":[5,5,4.5,8.5],"texture":"#1"}}},{"from":[1,1.25,2.01],"to":[3,9.25,2.99],"rotation":{"angle":-22.5,"axis":"z","origin":[3,2.25,2.5]},"faces":{"north":{"uv":[5,6,5.5,8],"texture":"#1"},"east":{"uv":[7.75,8.25,8,10.25],"texture":"#1"},"south":{"uv":[5.5,6,5,8],"texture":"#1"},"west":{"uv":[8,8.25,8.25,10.25],"texture":"#1"},"up":{"uv":[4,9.5,3.5,9.25],"texture":"#1"},"down":{"uv":[9.75,4.75,9.25,5],"texture":"#1"}}},{"from":[13,1.25,2.01],"to":[15,9.25,2.99],"rotation":{"angle":22.5,"axis":"z","origin":[13,2.25,2.5]},"faces":{"north":{"uv":[6,6,6.5,8],"texture":"#1"},"east":{"uv":[4,8.5,4.25,10.5],"texture":"#1"},"south":{"uv":[5,6,5.5,8],"texture":"#1"},"west":{"uv":[4.25,8.5,4.5,10.5],"texture":"#1"},"up":{"uv":[9.75,6.25,9.25,6],"texture":"#1"},"down":{"uv":[6.75,9.25,6.25,9.5],"texture":"#1"}}},{"from":[3.81898,7.48252,2],"to":[12.16898,9.48252,3],"rotation":{"angle":0,"axis":"y","origin":[13,2.25,2.5]},"faces":{"north":{"uv":[5,1.5,7.125,2],"texture":"#1"},"east":{"uv":[7.25,3.5,7.5,4],"texture":"#1"},"south":{"uv":[5,2,7.125,2.5],"texture":"#1"},"west":{"uv":[7.25,4,7.5,4.5],"texture":"#1"},"up":{"uv":[10.625,1.25,8.5,1],"texture":"#1"},"down":{"uv":[10.625,1.25,8.5,1.5],"texture":"#1"}}},{"from":[13,1.25,13.01],"to":[15,9.25,13.99],"rotation":{"angle":22.5,"axis":"z","origin":[13,2.25,13.5]},"faces":{"north":{"uv":[5.5,6,5,8],"texture":"#1"},"east":{"uv":[4.25,8.5,4,10.5],"texture":"#1"},"south":{"uv":[6.5,6,6,8],"texture":"#1"},"west":{"uv":[4.5,8.5,4.25,10.5],"texture":"#1"},"up":{"uv":[9.75,6,9.25,6.25],"texture":"#1"},"down":{"uv":[6.75,9.5,6.25,9.25],"texture":"#1"}}},{"from":[3.81898,7.48252,13],"to":[12.16898,9.48252,14],"rotation":{"angle":0,"axis":"y","origin":[13,2.25,13.5]},"faces":{"north":{"uv":[7.125,2,5,2.5],"texture":"#1"},"east":{"uv":[7.5,3.5,7.25,4],"texture":"#1"},"south":{"uv":[7.125,1.5,5,2],"texture":"#1"},"west":{"uv":[7.5,4,7.25,4.5],"texture":"#1"},"up":{"uv":[10.625,1,8.5,1.25],"texture":"#1"},"down":{"uv":[10.625,1.5,8.5,1.25],"texture":"#1"}}},{"from":[1,1.25,13.01],"to":[3,9.25,13.99],"rotation":{"angle":-22.5,"axis":"z","origin":[3,2.25,13.5]},"faces":{"north":{"uv":[5,6,5.5,8],"texture":"#1"},"east":{"uv":[8,8.25,7.75,10.25],"texture":"#1"},"south":{"uv":[5.5,6,5,8],"texture":"#1"},"west":{"uv":[8.25,8.25,8,10.25],"texture":"#1"},"up":{"uv":[4,9.25,3.5,9.5],"texture":"#1"},"down":{"uv":[9.75,5,9.25,4.75],"texture":"#1"}}},{"from":[3.81898,10.01748,2.01],"to":[12.16898,12.01748,2.99],"rotation":{"angle":0,"axis":"y","origin":[8,12.18411,2.5]},"faces":{"north":{"uv":[5,2.5,7.125,3],"texture":"#1"},"east":{"uv":[7.25,5,7.5,5.5],"texture":"#1"},"south":{"uv":[5,3,7.125,3.5],"texture":"#1"},"west":{"uv":[7.25,5.5,7.5,6],"texture":"#1"},"up":{"uv":[10.625,1.75,8.5,1.5],"texture":"#1"},"down":{"uv":[10.625,1.75,8.5,2],"texture":"#1"}}},{"from":[1.81898,12.01748,2.51],"to":[14.16898,15.26748,2.51],"rotation":{"angle":0,"axis":"y","origin":[7.99398,13.64248,2.51]},"faces":{"north":{"uv":[0,4.5,3.125,5.375],"texture":"#1"},"east":{"uv":[0,0,0,0.875],"texture":"#1"},"south":{"uv":[3.125,4.5,0,5.375],"texture":"#1"},"west":{"uv":[0,0,0,0.875],"texture":"#1"},"up":{"uv":[3.125,0,0,0],"texture":"#1"},"down":{"uv":[3.125,0,0,0],"texture":"#1"}}},{"from":[1.81898,12.01748,13.49],"to":[14.16898,15.26748,13.49],"rotation":{"angle":0,"axis":"y","origin":[7.99398,13.64248,13.49]},"faces":{"north":{"uv":[0,4.5,3.125,5.375],"texture":"#1"},"east":{"uv":[0,0,0,0.875],"texture":"#1"},"south":{"uv":[3.125,4.5,0,5.375],"texture":"#1"},"west":{"uv":[0,0,0,0.875],"texture":"#1"},"up":{"uv":[3.125,0,0,0],"texture":"#1"},"down":{"uv":[3.125,0,0,0],"texture":"#1"}}},{"from":[2.65686,8.63023,2],"to":[5.00686,10.63023,3],"rotation":{"angle":-22.5,"axis":"z","origin":[8,12.18411,2.5]},"faces":{"north":{"uv":[8.5,6,9.125,6.5],"texture":"#1"},"east":{"uv":[7.75,3,8,3.5],"texture":"#1"},"south":{"uv":[8.5,6.5,9.125,7],"texture":"#1"},"west":{"uv":[9.25,5,9.5,5.5],"texture":"#1"},"up":{"uv":[9.375,6,8.75,5.75],"texture":"#1"},"down":{"uv":[1.125,9.25,0.5,9.5],"texture":"#1"}}},{"from":[1.72726,13.45591,2.01],"to":[3.72726,17.80591,2.99],"rotation":{"angle":22.5,"axis":"z","origin":[8,12.18411,2.5]},"faces":{"north":{"uv":[2.25,8,2.75,9.125],"texture":"#1"},"east":{"uv":[8.75,4,9,5.125],"texture":"#1"},"south":{"uv":[2.75,8,3.25,9.125],"texture":"#1"},"west":{"uv":[5,8.75,5.25,9.875],"texture":"#1"},"up":{"uv":[9.75,5.75,9.25,5.5],"texture":"#1"},"down":{"uv":[6.25,9.25,5.75,9.5],"texture":"#1"}}},{"from":[12.27274,13.45591,2.01],"to":[14.27274,17.80591,2.99],"rotation":{"angle":-22.5,"axis":"z","origin":[8,12.18411,2.5]},"faces":{"north":{"uv":[5.75,8,6.25,9.125],"texture":"#1"},"east":{"uv":[5.25,8.75,5.5,9.875],"texture":"#1"},"south":{"uv":[8,6,8.5,7.125],"texture":"#1"},"west":{"uv":[5.5,8.75,5.75,9.875],"texture":"#1"},"up":{"uv":[9.5,9.5,9,9.25],"texture":"#1"},"down":{"uv":[1,9.5,0.5,9.75],"texture":"#1"}}},{"from":[10.99314,8.63023,2],"to":[13.34314,10.63023,3],"rotation":{"angle":22.5,"axis":"z","origin":[8,12.18411,2.5]},"faces":{"north":{"uv":[0,8.75,0.625,9.25],"texture":"#1"},"east":{"uv":[7,9.25,7.25,9.75],"texture":"#1"},"south":{"uv":[0.75,8.75,1.375,9.25],"texture":"#1"},"west":{"uv":[9.25,7.75,9.5,8.25],"texture":"#1"},"up":{"uv":[1.875,9.5,1.25,9.25],"texture":"#1"},"down":{"uv":[2.625,9.25,2,9.5],"texture":"#1"}}},{"from":[12.27274,13.45591,13.01],"to":[14.27274,17.80591,13.99],"rotation":{"angle":-22.5,"axis":"z","origin":[8,12.18411,13.5]},"faces":{"north":{"uv":[7.25,8.25,7.75,9.375],"texture":"#1"},"east":{"uv":[9,4,9.25,5.125],"texture":"#1"},"south":{"uv":[8.25,7.25,8.75,8.375],"texture":"#1"},"west":{"uv":[9,7,9.25,8.125],"texture":"#1"},"up":{"uv":[3.75,9.75,3.25,9.5],"texture":"#1"},"down":{"uv":[10,3.5,9.5,3.75],"texture":"#1"}}},{"from":[10.99314,8.63023,13],"to":[13.34314,10.63023,14],"rotation":{"angle":22.5,"axis":"z","origin":[8,12.18411,13.5]},"faces":{"north":{"uv":[3.25,8.75,3.875,9.25],"texture":"#1"},"east":{"uv":[3,9.5,3.25,10],"texture":"#1"},"south":{"uv":[8.75,3.5,9.375,4],"texture":"#1"},"west":{"uv":[9.5,3,9.75,3.5],"texture":"#1"},"up":{"uv":[9.875,4.5,9.25,4.25],"texture":"#1"},"down":{"uv":[9.875,4.5,9.25,4.75],"texture":"#1"}}},{"from":[3.81898,10.01748,13.01],"to":[12.16898,12.01748,13.99],"rotation":{"angle":0,"axis":"y","origin":[8,12.18411,13.5]},"faces":{"north":{"uv":[5,5,7.125,5.5],"texture":"#1"},"east":{"uv":[2.5,9.5,2.75,10],"texture":"#1"},"south":{"uv":[5,5.5,7.125,6],"texture":"#1"},"west":{"uv":[2.75,9.5,3,10],"texture":"#1"},"up":{"uv":[10.625,2.75,8.5,2.5],"texture":"#1"},"down":{"uv":[10.625,2.75,8.5,3],"texture":"#1"}}},{"from":[2.65686,8.63023,13],"to":[5.00686,10.63023,14],"rotation":{"angle":-22.5,"axis":"z","origin":[8,12.18411,13.5]},"faces":{"north":{"uv":[1.5,8.75,2.125,9.25],"texture":"#1"},"east":{"uv":[2,9.5,2.25,10],"texture":"#1"},"south":{"uv":[8.75,3,9.375,3.5],"texture":"#1"},"west":{"uv":[2.25,9.5,2.5,10],"texture":"#1"},"up":{"uv":[3.375,9.5,2.75,9.25],"texture":"#1"},"down":{"uv":[9.875,4,9.25,4.25],"texture":"#1"}}},{"from":[1.72726,13.45591,13.01],"to":[3.72726,17.80591,13.99],"rotation":{"angle":22.5,"axis":"z","origin":[8,12.18411,13.5]},"faces":{"north":{"uv":[6.25,8,6.75,9.125],"texture":"#1"},"east":{"uv":[8.75,7,9,8.125],"texture":"#1"},"south":{"uv":[6.75,8,7.25,9.125],"texture":"#1"},"west":{"uv":[8.75,8.25,9,9.375],"texture":"#1"},"up":{"uv":[1.5,9.75,1,9.5],"texture":"#1"},"down":{"uv":[2,9.5,1.5,9.75],"texture":"#1"}}},{"from":[6.6,8.15,1],"to":[9.6,11.15,4],"rotation":{"angle":-45,"axis":"z","origin":[8,9.75,2.5]},"faces":{"north":{"uv":[7.5,7.5,8.25,8.25],"texture":"#1"},"east":{"uv":[7.75,1.5,8.5,2.25],"texture":"#1"},"south":{"uv":[7.75,2.25,8.5,3],"texture":"#1"},"west":{"uv":[0,8,0.75,8.75],"texture":"#1"},"up":{"uv":[1.5,8.75,0.75,8],"texture":"#1"},"down":{"uv":[2.25,8,1.5,8.75],"texture":"#1"}}},{"from":[6.6,8.15,12],"to":[9.6,11.15,15],"rotation":{"angle":-45,"axis":"z","origin":[8,9.75,13.5]},"faces":{"north":{"uv":[8,3,8.75,3.75],"texture":"#1"},"east":{"uv":[3.25,8,4,8.75],"texture":"#1"},"south":{"uv":[8,3.75,8.75,4.5],"texture":"#1"},"west":{"uv":[8,4.5,8.75,5.25],"texture":"#1"},"up":{"uv":[5.75,8.75,5,8],"texture":"#1"},"down":{"uv":[8.75,5.25,8,6],"texture":"#1"}}},{"from":[0,15,0],"to":[16,16,16],"faces":{"north":{"uv":[7.5,0,11.5,0.25],"texture":"#1"},"east":{"uv":[7.5,0,11.5,0.25],"texture":"#1"},"south":{"uv":[7.5,0,11.5,0.25],"texture":"#1"},"west":{"uv":[7.5,0,11.5,0.25],"texture":"#1"},"up":{"uv":[4,4,0,0],"texture":"#1"},"down":{"uv":[4,4,0,0],"texture":"#1"}}},{"from":[14,15,0],"to":[16,16,16],"faces":{"north":{"uv":[9.5,3.75,10,4],"texture":"#1"},"east":{"uv":[9.5,3.75,13.5,4],"texture":"#1"},"south":{"uv":[10,3.75,9.5,4],"texture":"#1"},"west":{"uv":[9.5,3.75,13.5,4],"texture":"#1"},"up":{"uv":[0.5,4,0,0],"texture":"#1"},"down":{"uv":[0.5,4,0,0],"texture":"#1"}}},{"from":[0,15,0],"to":[2,16,16],"faces":{"north":{"uv":[10,3.75,9.5,4],"texture":"#1"},"east":{"uv":[9.5,3.75,13.5,4],"texture":"#1"},"south":{"uv":[9.5,3.75,10,4],"texture":"#1"},"west":{"uv":[9.5,3.75,13.5,4],"texture":"#1"},"up":{"uv":[4,4,3.5,0],"texture":"#1"},"down":{"uv":[4,4,3.5,0],"texture":"#1"}}},{"from":[2,15,14],"to":[14,16,16],"rotation":{"angle":0,"axis":"y","origin":[8,15.5,8]},"faces":{"north":{"uv":[10,3.75,13,4],"texture":"#1"},"east":{"uv":[2,4.25,2.5,4.5],"texture":"#1"},"south":{"uv":[10,3.75,13,4],"texture":"#1"},"west":{"uv":[2.5,4.25,3,4.5],"texture":"#1"},"up":{"uv":[3.5,0.5,0.5,0],"texture":"#1"},"down":{"uv":[3.5,0,0.5,0.5],"texture":"#1"}}},{"from":[2,15,0],"to":[14,16,2],"rotation":{"angle":0,"axis":"y","origin":[8,15.5,8]},"faces":{"north":{"uv":[10,3.75,13,4],"texture":"#1"},"east":{"uv":[2,4,2.5,4.25],"texture":"#1"},"south":{"uv":[10,3.75,13,4],"texture":"#1"},"west":{"uv":[2.5,4,3,4.25],"texture":"#1"},"up":{"uv":[3.5,4,0.5,3.5],"texture":"#1"},"down":{"uv":[3.5,3.5,0.5,4],"texture":"#1"}}},{"from":[2,15.5,2],"to":[14,15.5,14],"rotation":{"angle":0,"axis":"y","origin":[8,15.5,8]},"faces":{"north":{"uv":[0,0,3,0],"texture":"#1"},"east":{"uv":[0,0,3,0],"texture":"#1"},"south":{"uv":[0,0,3,0],"texture":"#1"},"west":{"uv":[0,0,3,0],"texture":"#1"},"up":{"uv":[12.5,10.25,9.5,7.25],"texture":"#1"},"down":{"uv":[12.5,7.25,9.5,10.25],"texture":"#1"}}}],"gui_light":"front","display":{"thirdperson_righthand":{"rotation":[67.5,0,0],"translation":[0,1.5,0],"scale":[0.24094,0.24094,0.24094]},"thirdperson_lefthand":{"rotation":[67.5,0,0],"translation":[0,1.5,0],"scale":[0.24094,0.24094,0.24094]},"firstperson_righthand":{"rotation":[0,180,0],"translation":[2,2.75,0],"scale":[0.29102,0.29102,0.29102]},"firstperson_lefthand":{"rotation":[0,180,0],"translation":[2,2.75,0],"scale":[0.29102,0.29102,0.29102]},"ground":{"translation":[0,6,0],"scale":[0.45,0.45,0.45]},"gui":{"rotation":[30,135,0],"translation":[0,-0.5,0],"scale":[0.59859,0.59859,0.59859]},"head":{"rotation":[0,180,0],"translation":[0,-30.4,0],"scale":[1.6,1.6,1.6]},"fixed":{"rotation":[-90,0,0],"translation":[0,0,-16],"scale":[2,2,2]}}}