{"credit":"MadewithBlockbench","texture_size":[128,128],"textures":{"0":"japan_street_v4:japan_street_v4/sign04texture"},"elements":[{"from":[-10,-16,4],"to":[22,16,12],"rotation":{"angle":0,"axis":"y","origin":[8,0,8]},"faces":{"north":{"uv":[0,0,4,4],"texture":"#0"},"east":{"uv":[5.375,0,6.375,4],"texture":"#0"},"south":{"uv":[0,0,4,4],"texture":"#0"},"west":{"uv":[5.375,4,6.375,8],"texture":"#0"},"up":{"uv":[10.375,1,6.375,0],"texture":"#0"},"down":{"uv":[10.375,1,6.375,2],"texture":"#0"}}},{"from":[28,-16,4],"to":[32,16,12],"rotation":{"angle":0,"axis":"y","origin":[8,0,8]},"faces":{"north":{"uv":[7.375,2,7.875,6],"texture":"#0"},"east":{"uv":[6.375,2,7.375,6],"texture":"#0"},"south":{"uv":[7.375,6,7.875,10],"texture":"#0"},"west":{"uv":[6.375,6,7.375,10],"texture":"#0"},"up":{"uv":[8.375,3,7.875,2],"texture":"#0"},"down":{"uv":[8.375,3,7.875,4],"texture":"#0"}}},{"from":[17,-16,7.95],"to":[28,16,8.05],"rotation":{"angle":0,"axis":"y","origin":[8,0,8]},"faces":{"north":{"uv":[4,0,5.375,4],"texture":"#0"},"east":{"uv":[0,0,0,4],"texture":"#0"},"south":{"uv":[4,4,5.375,8],"texture":"#0"},"west":{"uv":[0,0,0,4],"texture":"#0"},"up":{"uv":[1.375,0,0,0],"texture":"#0"},"down":{"uv":[1.375,0,0,0],"texture":"#0"}}}],"gui_light":"front","display":{"thirdperson_righthand":{"rotation":[67.5,0,0],"translation":[-0.25,0.75,0.75],"scale":[0.10039,0.10039,0.10039]},"thirdperson_lefthand":{"rotation":[67.5,0,0],"translation":[0.25,0.75,0.75],"scale":[0.10039,0.10039,0.10039]},"firstperson_righthand":{"translation":[1.5,5,0],"scale":[0.17578,0.17578,0.17578]},"firstperson_lefthand":{"rotation":[0,180,0],"translation":[1.5,5,0],"scale":[0.17578,0.17578,0.17578]},"ground":{"translation":[0,6,0],"scale":[0.25,0.25,0.25]},"gui":{"rotation":[30,135,0],"translation":[0.75,2,0],"scale":[0.33985,0.33985,0.33985]},"head":{"rotation":[0,180,0],"translation":[0,-4.8,0],"scale":[1.6,1.6,1.6]},"fixed":{"rotation":[0,-90,0],"translation":[0,0,-48],"scale":[2,2,2]}}}