{"credit":"MadewithBlockbench","texture_size":[128,128],"textures":{"0":"japan_street_v4:japan_street_v4/sign8texture"},"elements":[{"from":[-16,28.05672,7],"to":[10,30.05672,9],"rotation":{"angle":0,"axis":"y","origin":[7.49175,8.55672,8]},"faces":{"north":{"uv":[7,5.25,7.25,8.5],"rotation":270,"texture":"#0"},"east":{"uv":[7.25,5.25,7,5],"rotation":90,"texture":"#0"},"south":{"uv":[7.5,5.25,7.75,8.5],"rotation":90,"texture":"#0"},"west":{"uv":[7.5,5,7.25,5.25],"rotation":90,"texture":"#0"},"up":{"uv":[7.25,5.25,7.5,8.5],"rotation":90,"texture":"#0"},"down":{"uv":[6.75,5.25,7,8.5],"rotation":90,"texture":"#0"}}},{"from":[-16,15,7],"to":[10,17,9],"rotation":{"angle":0,"axis":"y","origin":[7.31497,4.49086,8]},"faces":{"north":{"uv":[7,5.25,7.25,8.5],"rotation":270,"texture":"#0"},"east":{"uv":[7.25,5.25,7,5],"rotation":90,"texture":"#0"},"south":{"uv":[7.5,5.25,7.75,8.5],"rotation":90,"texture":"#0"},"west":{"uv":[7.5,5,7.25,5.25],"rotation":90,"texture":"#0"},"up":{"uv":[7.25,5.25,7.5,8.5],"rotation":90,"texture":"#0"},"down":{"uv":[6.75,5.25,7,8.5],"rotation":90,"texture":"#0"}}},{"from":[-10.75825,16.05672,8],"to":[5.24175,30.05672,8],"rotation":{"angle":0,"axis":"y","origin":[7.49175,8.55672,8]},"faces":{"north":{"uv":[7.75,7,9.5,9],"rotation":270,"texture":"#0"},"east":{"uv":[9.5,7,7.75,7],"rotation":90,"texture":"#0"},"south":{"uv":[9.5,7,11.25,9],"rotation":90,"texture":"#0"},"west":{"uv":[11.25,7,9.5,7],"rotation":90,"texture":"#0"},"up":{"uv":[9.5,7,9.5,9],"rotation":90,"texture":"#0"},"down":{"uv":[7.75,7,7.75,9],"rotation":90,"texture":"#0"}}},{"from":[-4,0,6],"to":[28,32,10],"rotation":{"angle":0,"axis":"y","origin":[22,-3.25,8]},"faces":{"north":{"uv":[0.5,0.5,4.5,4.5],"texture":"#0"},"east":{"uv":[0,0.5,0.5,4.5],"texture":"#0"},"south":{"uv":[5,0.5,9,4.5],"texture":"#0"},"west":{"uv":[4.5,0.5,5,4.5],"texture":"#0"},"up":{"uv":[4.5,0.5,0.5,0],"texture":"#0"},"down":{"uv":[8.5,0,4.5,0.5],"texture":"#0"}}},{"from":[-16,2.05672,7],"to":[10,4.05672,9],"rotation":{"angle":0,"axis":"y","origin":[7.49175,8.55672,8]},"faces":{"north":{"uv":[7,5.25,7.25,8.5],"rotation":270,"texture":"#0"},"east":{"uv":[7.25,5.25,7,5],"rotation":90,"texture":"#0"},"south":{"uv":[7.5,5.25,7.75,8.5],"rotation":90,"texture":"#0"},"west":{"uv":[7.5,5,7.25,5.25],"rotation":90,"texture":"#0"},"up":{"uv":[7.25,5.25,7.5,8.5],"rotation":90,"texture":"#0"},"down":{"uv":[6.75,5.25,7,8.5],"rotation":90,"texture":"#0"}}},{"from":[-10.75825,2.05672,8],"to":[5.24175,16.05672,8],"rotation":{"angle":0,"axis":"y","origin":[7.49175,8.55672,8]},"faces":{"north":{"uv":[7.75,7,9.5,9],"rotation":270,"texture":"#0"},"east":{"uv":[9.5,7,7.75,7],"rotation":90,"texture":"#0"},"south":{"uv":[9.5,7,11.25,9],"rotation":90,"texture":"#0"},"west":{"uv":[11.25,7,9.5,7],"rotation":90,"texture":"#0"},"up":{"uv":[9.5,7,9.5,9],"rotation":90,"texture":"#0"},"down":{"uv":[7.75,7,7.75,9],"rotation":90,"texture":"#0"}}},{"from":[-8,-13.25,5],"to":[32,-2.25,11],"rotation":{"angle":0,"axis":"y","origin":[-14,-0.25,8]},"faces":{"north":{"uv":[0.75,6.375,5.75,7.75],"texture":"#0"},"east":{"uv":[0,6.375,0.75,7.75],"texture":"#0"},"south":{"uv":[0.75,8.5,5.75,9.875],"texture":"#0"},"west":{"uv":[0,8.5,0.75,9.875],"texture":"#0"},"up":{"uv":[5,6.375,0,5.625],"texture":"#0"},"down":{"uv":[5,7.75,0,8.5],"texture":"#0"}}},{"from":[25,-2.24569,7.125],"to":[27,0.75431,8.875],"rotation":{"angle":0,"axis":"y","origin":[14.75,8.57538,11.5]},"faces":{"north":{"uv":[6.5,15.4375,6.25,15.8125],"texture":"#0"},"east":{"uv":[5.71875,15.4375,5.5,15.8125],"texture":"#0"},"south":{"uv":[6,15.4375,5.75,15.8125],"texture":"#0"},"west":{"uv":[6.21875,15.4375,6,15.8125],"texture":"#0"},"up":{"uv":[6,13.25,5.75,13.46875],"texture":"#0"},"down":{"uv":[6.25,13.46875,6,13.25],"texture":"#0"}}},{"from":[-3,-2.24569,7.125],"to":[-1,0.75431,8.875],"rotation":{"angle":0,"axis":"y","origin":[14.75,8.57538,11.5]},"faces":{"north":{"uv":[6.5,15.4375,6.25,15.8125],"texture":"#0"},"east":{"uv":[5.71875,15.4375,5.5,15.8125],"texture":"#0"},"south":{"uv":[6,15.4375,5.75,15.8125],"texture":"#0"},"west":{"uv":[6.21875,15.4375,6,15.8125],"texture":"#0"},"up":{"uv":[6,13.25,5.75,13.46875],"texture":"#0"},"down":{"uv":[6.25,13.46875,6,13.25],"texture":"#0"}}}],"gui_light":"front","display":{"thirdperson_righthand":{"rotation":[67.5,0,0],"translation":[0,0.25,0],"scale":[0.11992,0.11992,0.11992]},"thirdperson_lefthand":{"rotation":[67.5,0,0],"translation":[0,0.25,0],"scale":[0.11992,0.11992,0.11992]},"firstperson_righthand":{"rotation":[0,180,0],"translation":[37,-7.25,-36.75],"scale":[0.77148,0.77148,0.77148]},"firstperson_lefthand":{"translation":[37,-7.25,-36.75],"scale":[0.77148,0.77148,0.77148]},"ground":{"translation":[0,6,0],"scale":[0.25,0.25,0.25]},"gui":{"rotation":[30,135,0],"translation":[0.25,-0.5,0],"scale":[0.28906,0.28906,0.28906]},"head":{"rotation":[0,180,0],"translation":[0,-4.8,0],"scale":[1.6,1.6,1.6]},"fixed":{"rotation":[0,90,0],"translation":[0,0,-48],"scale":[2,2,2]}}}