{"credit":"Made with Blockbench","texture_size":[64,64],"textures":{"1":"city_streets:newspaper_stack","2":"city_streets:box_05","particle":"city_streets:box_05"},"elements":[{"from":[0,0,2],"to":[16,10,2],"faces":{"north":{"uv":[4,0,8,2.5],"texture":"#2"},"east":{"uv":[0,0,0,2.5],"texture":"#2"},"south":{"uv":[4,2.5,8,5],"texture":"#2"},"west":{"uv":[0,0,0,2.5],"texture":"#2"},"up":{"uv":[4,0,0,0],"texture":"#2"},"down":{"uv":[4,0,0,0],"texture":"#2"}}},{"from":[0,0,14],"to":[16,10,14],"faces":{"north":{"uv":[4,5,8,7.5],"texture":"#2"},"east":{"uv":[0,0,0,2.5],"texture":"#2"},"south":{"uv":[0,6,4,8.5],"texture":"#2"},"west":{"uv":[0,0,0,2.5],"texture":"#2"},"up":{"uv":[4,0,0,0],"texture":"#2"},"down":{"uv":[4,0,0,0],"texture":"#2"}}},{"from":[0,0,2],"to":[16,0,14],"faces":{"north":{"uv":[0,0,4,0],"texture":"#2"},"east":{"uv":[0,0,3,0],"texture":"#2"},"south":{"uv":[0,0,4,0],"texture":"#2"},"west":{"uv":[0,0,3,0],"texture":"#2"},"up":{"uv":[4,3,0,0],"texture":"#2"},"down":{"uv":[4,3,0,6],"texture":"#2"}}},{"from":[0,0,2],"to":[0,10,14],"faces":{"north":{"uv":[0,0,0,2.5],"texture":"#2"},"east":{"uv":[4,7.5,7,10],"texture":"#2"},"south":{"uv":[0,0,0,2.5],"texture":"#2"},"west":{"uv":[7,7.5,10,10],"texture":"#2"},"up":{"uv":[0,3,0,0],"texture":"#2"},"down":{"uv":[0,0,0,3],"texture":"#2"}}},{"from":[16,0,2],"to":[16,10,14],"faces":{"north":{"uv":[0,0,0,2.5],"texture":"#2"},"east":{"uv":[8,0,11,2.5],"texture":"#2"},"south":{"uv":[0,0,0,2.5],"texture":"#2"},"west":{"uv":[8,2.5,11,5],"texture":"#2"},"up":{"uv":[0,3,0,0],"texture":"#2"},"down":{"uv":[0,0,0,3],"texture":"#2"}}},{"from":[0,4,0.75],"to":[16,10,1.75],"rotation":{"angle":22.5,"axis":"x","origin":[8.5,9.5,2]},"faces":{"north":{"uv":[8,5,12,6.5],"texture":"#2"},"east":{"uv":[10,7.5,10.25,9],"texture":"#2"},"south":{"uv":[0,8.5,4,10],"texture":"#2"},"west":{"uv":[8,10,8.25,11.5],"texture":"#2"},"up":{"uv":[12,6.75,8,6.5],"texture":"#2"},"down":{"uv":[12,6.75,8,7],"texture":"#2"}}},{"from":[0,4,14.25],"to":[16,10,15.25],"rotation":{"angle":-22.5,"axis":"x","origin":[8.5,9.5,14]},"faces":{"north":{"uv":[0,10,4,11.5],"texture":"#2"},"east":{"uv":[8.25,10,8.5,11.5],"texture":"#2"},"south":{"uv":[4,10,8,11.5],"texture":"#2"},"west":{"uv":[8.5,10,8.75,11.5],"texture":"#2"},"up":{"uv":[12,7.25,8,7],"texture":"#2"},"down":{"uv":[12,7.25,8,7.5],"texture":"#2"}}},{"from":[0.5,0.75,2.45593],"to":[15.5,6.75,13.45593],"rotation":{"angle":0,"axis":"y","origin":[-1.5,0.75,3.45593]},"faces":{"north":{"uv":[12,5.5,15.75,7],"texture":"#1"},"east":{"uv":[12,10,14.75,11.5],"texture":"#1"},"south":{"uv":[12,7,15.75,8.5],"texture":"#1"},"west":{"uv":[11.25,12,14,13.5],"texture":"#1"},"up":{"uv":[3.75,12.25,0,9.5],"texture":"#1"},"down":{"uv":[7.5,9.5,3.75,12.25],"texture":"#1"}}},{"from":[0.1,0.35,2.1],"to":[15.9,7.15,13.9],"rotation":{"angle":0,"axis":"y","origin":[0.5,0.75,4]},"faces":{"north":{"uv":[7.5,12,11.25,13.5],"texture":"#1"},"east":{"uv":[0,12.25,2.75,13.75],"texture":"#1"},"south":{"uv":[12,8.5,15.75,10],"texture":"#1"},"west":{"uv":[2.75,12.25,5.5,13.75],"texture":"#1"},"up":{"uv":[15.75,2.75,12,0],"texture":"#1"},"down":{"uv":[15.75,2.75,12,5.5],"texture":"#1"}}}],"gui_light":"front","display":{"thirdperson_righthand":{"rotation":[68,16,0],"translation":[-0.75,1.25,1.5],"scale":[0.54,0.54,0.54]},"thirdperson_lefthand":{"rotation":[68,16,0],"translation":[-0.75,1.25,1.5],"scale":[0.54,0.54,0.54]},"firstperson_righthand":{"rotation":[0,151,0],"translation":[2,3.5,0],"scale":[0.46,0.46,0.46]},"firstperson_lefthand":{"rotation":[0,151,0],"translation":[2,3.5,0],"scale":[0.46,0.46,0.46]},"ground":{"translation":[0,4.75,0],"scale":[0.62,0.62,0.62]},"gui":{"rotation":[22,-139,0],"translation":[0,2,0],"scale":[0.67,0.67,0.67]},"head":{"translation":[0,-14.25,0],"scale":[2.285,2.285,2.285]},"fixed":{"rotation":[-90,0,0],"translation":[0,0,-15.5],"scale":[2,2,2]}}}