{"credit":"Made with Blockbench","texture_size":[32,32],"textures":{"1":"city_streets:hat_lightgrey"},"elements":[{"from":[3.5,4,10],"to":[12.5,7,19],"rotation":{"angle":22.5,"axis":"x","origin":[8,18.25,8]},"faces":{"north":{"uv":[5,9,9.5,10.5],"texture":"#1"},"east":{"uv":[9.5,0,14,1.5],"texture":"#1"},"south":{"uv":[9.5,1.5,14,3],"texture":"#1"},"west":{"uv":[9.5,3,14,4.5],"texture":"#1"},"up":{"uv":[9.5,4.5,5,0],"texture":"#1"},"down":{"uv":[9.5,4.5,5,9],"texture":"#1"}}},{"from":[3,2,9.5],"to":[13,4,19.5],"rotation":{"angle":22.5,"axis":"x","origin":[8,18.25,8]},"faces":{"north":{"uv":[9.5,4.5,14.5,5.5],"texture":"#1"},"east":{"uv":[9.5,5.5,14.5,6.5],"texture":"#1"},"south":{"uv":[9.5,6.5,14.5,7.5],"texture":"#1"},"west":{"uv":[9.5,7.5,14.5,8.5],"texture":"#1"},"up":{"uv":[5,5,0,0],"texture":"#1"},"down":{"uv":[5,5,0,10],"texture":"#1"}}}],"gui_light":"front","display":{"thirdperson_righthand":{"rotation":[25,18,1],"translation":[0,5.75,1],"scale":[0.61727,0.61727,0.61727]},"thirdperson_lefthand":{"rotation":[25,18,1],"translation":[0,5.75,1],"scale":[0.61727,0.61727,0.61727]},"firstperson_righthand":{"rotation":[100,133,-88],"translation":[-0.5,4.75,1.25],"scale":[0.4318,0.4318,0.4318]},"firstperson_lefthand":{"rotation":[100,133,-88],"translation":[-0.5,4.75,1.25],"scale":[0.4318,0.4318,0.4318]},"ground":{"translation":[0,7.5,0],"scale":[0.89,0.89,0.89]},"gui":{"rotation":[3,44,0],"translation":[0,4,0],"scale":[0.85,0.85,0.85]},"head":{"rotation":[0,0,-1],"translation":[0.1,13,-0.5],"scale":[1.62,1.62,1.62]},"fixed":{"rotation":[-90,0,0],"translation":[0,0,-15.5],"scale":[2,2,2]}}}