{"credit":"Made with Blockbench","texture_size":[128,128],"textures":{"2":"city_streets:newspaper"},"elements":[{"from":[13.5,8,1.24503],"to":[14.5,20,16.24503],"rotation":{"angle":0,"axis":"y","origin":[-1.5,0,0.24503]},"faces":{"north":{"uv":[3,6.75,3.125,8.25],"texture":"#2"},"east":{"uv":[0,1.875,1.875,3.375],"texture":"#2"},"south":{"uv":[3.125,6.75,3.25,8.25],"texture":"#2"},"west":{"uv":[1.875,1.875,3.75,3.375],"texture":"#2"},"up":{"uv":[2.125,8.625,2,6.75],"texture":"#2"},"down":{"uv":[2.25,6.75,2.125,8.625],"texture":"#2"}}},{"from":[14.498,20,0.24503],"to":[14.498,26,16.24503],"rotation":{"angle":0,"axis":"y","origin":[-1.5,0,0.24503]},"faces":{"north":{"uv":[0,0,0,0.75],"texture":"#2"},"east":{"uv":[5.125,1.75,7.125,2.5],"texture":"#2"},"south":{"uv":[0,0,0,0.75],"texture":"#2"},"west":{"uv":[5.125,2.5,7.125,3.25],"texture":"#2"},"up":{"uv":[0,2,0,0],"texture":"#2"},"down":{"uv":[0,0,0,2],"texture":"#2"}}},{"from":[1.502,20,0.24503],"to":[1.502,26,16.24503],"rotation":{"angle":0,"axis":"y","origin":[-1.5,0,0.24503]},"faces":{"north":{"uv":[0,0,0,0.75],"texture":"#2"},"east":{"uv":[1.375,5.25,3.375,6],"texture":"#2"},"south":{"uv":[0,0,0,0.75],"texture":"#2"},"west":{"uv":[1.375,6,3.375,6.75],"texture":"#2"},"up":{"uv":[0,2,0,0],"texture":"#2"},"down":{"uv":[0,0,0,2],"texture":"#2"}}},{"from":[1.5,8,1.24503],"to":[2.5,20,16.24503],"rotation":{"angle":0,"axis":"y","origin":[-1.5,0,0.24503]},"faces":{"north":{"uv":[3.25,6.75,3.375,8.25],"texture":"#2"},"east":{"uv":[3.25,0,5.125,1.5],"texture":"#2"},"south":{"uv":[3.375,7,3.5,8.5],"texture":"#2"},"west":{"uv":[0,3.375,1.875,4.875],"texture":"#2"},"up":{"uv":[2.375,8.625,2.25,6.75],"texture":"#2"},"down":{"uv":[2.5,6.75,2.375,8.625],"texture":"#2"}}},{"from":[1.5,23,3.99503],"to":[14.5,24,18.99503],"rotation":{"angle":22.5,"axis":"x","origin":[6.5,27.5,8.24503]},"faces":{"north":{"uv":[6.875,1.375,8.5,1.5],"texture":"#2"},"east":{"uv":[6.5,6.75,8.375,6.875],"texture":"#2"},"south":{"uv":[6.875,1.5,8.5,1.625],"texture":"#2"},"west":{"uv":[6.875,0,8.75,0.125],"texture":"#2"},"up":{"uv":[1.625,1.875,0,0],"texture":"#2"},"down":{"uv":[3.25,0,1.625,1.875],"texture":"#2"}}},{"from":[1.5,27,-0.25497],"to":[14.5,28,2.74503],"rotation":{"angle":-22.5,"axis":"x","origin":[6.5,27.5,8.24503]},"faces":{"north":{"uv":[6.875,1.625,8.5,1.75],"texture":"#2"},"east":{"uv":[3.25,1.5,3.625,1.625],"texture":"#2"},"south":{"uv":[6.5,6.875,8.125,7],"texture":"#2"},"west":{"uv":[3.25,1.625,3.625,1.75],"texture":"#2"},"up":{"uv":[8.125,6.375,6.5,6],"texture":"#2"},"down":{"uv":[8.125,6.375,6.5,6.75],"texture":"#2"}}},{"from":[2.5,1,1.24503],"to":[13.5,8,15.24503],"rotation":{"angle":0,"axis":"y","origin":[-0.5,0,-0.75497]},"faces":{"north":{"uv":[3.375,5.25,4.75,6.125],"texture":"#2"},"east":{"uv":[5.125,0,6.875,0.875],"texture":"#2"},"south":{"uv":[3.375,6.125,4.75,7],"texture":"#2"},"west":{"uv":[5.125,0.875,6.875,1.75],"texture":"#2"},"up":{"uv":[5.125,3.25,3.75,1.5],"texture":"#2"},"down":{"uv":[1.375,4.875,0,6.625],"texture":"#2"}}},{"from":[2,0,0.74503],"to":[14,1,15.74503],"rotation":{"angle":0,"axis":"y","origin":[-1,0,-0.25497]},"faces":{"north":{"uv":[6.5,7,8,7.125],"texture":"#2"},"east":{"uv":[6.875,0.125,8.75,0.25],"texture":"#2"},"south":{"uv":[7.125,1.75,8.625,1.875],"texture":"#2"},"west":{"uv":[6.875,0.25,8.75,0.375],"texture":"#2"},"up":{"uv":[3.375,5.25,1.875,3.375],"texture":"#2"},"down":{"uv":[4.875,3.375,3.375,5.25],"texture":"#2"}}},{"from":[13.5,8,0.24503],"to":[14.5,24,1.24503],"rotation":{"angle":0,"axis":"y","origin":[-1.5,0,0.24503]},"faces":{"north":{"uv":[1,6.625,1.125,8.625],"texture":"#2"},"east":{"uv":[1.125,6.625,1.25,8.625],"texture":"#2"},"south":{"uv":[1.25,6.625,1.375,8.625],"texture":"#2"},"west":{"uv":[1.375,6.75,1.5,8.75],"texture":"#2"},"up":{"uv":[3.625,1.875,3.5,1.75],"texture":"#2"},"down":{"uv":[1.875,5.125,1.75,5.25],"texture":"#2"}}},{"from":[2.5,8,0.24503],"to":[13.5,9,1.24503],"rotation":{"angle":0,"axis":"y","origin":[-1.5,0,0.24503]},"faces":{"north":{"uv":[7.125,1.875,8.5,2],"texture":"#2"},"east":{"uv":[4.75,6,4.875,6.125],"texture":"#2"},"south":{"uv":[7.125,2,8.5,2.125],"texture":"#2"},"west":{"uv":[4.75,6.125,4.875,6.25],"texture":"#2"},"up":{"uv":[8.5,2.25,7.125,2.125],"texture":"#2"},"down":{"uv":[8.5,2.25,7.125,2.375],"texture":"#2"}}},{"from":[2.5,9,0.74503],"to":[4.5,23,1.74503],"rotation":{"angle":0,"axis":"y","origin":[-1.5,0,0.24503]},"faces":{"north":{"uv":[0,6.625,0.25,8.375],"texture":"#2"},"east":{"uv":[2.5,6.75,2.625,8.5],"texture":"#2"},"south":{"uv":[0.25,6.625,0.5,8.375],"texture":"#2"},"west":{"uv":[2.625,6.75,2.75,8.5],"texture":"#2"},"up":{"uv":[3.5,1.875,3.25,1.75],"texture":"#2"},"down":{"uv":[4.875,3.25,4.625,3.375],"texture":"#2"}}},{"from":[4.5,21,0.74503],"to":[11.5,23,1.74503],"rotation":{"angle":0,"axis":"y","origin":[-1.5,0,0.24503]},"faces":{"north":{"uv":[6.875,0.375,7.75,0.625],"texture":"#2"},"east":{"uv":[1.75,4.875,1.875,5.125],"texture":"#2"},"south":{"uv":[6.875,0.625,7.75,0.875],"texture":"#2"},"west":{"uv":[4.75,5.25,4.875,5.5],"texture":"#2"},"up":{"uv":[4.625,3.375,3.75,3.25],"texture":"#2"},"down":{"uv":[4.625,7,3.75,7.125],"texture":"#2"}}},{"from":[4.5,9,0.74503],"to":[11.5,11,1.74503],"rotation":{"angle":0,"axis":"y","origin":[-1.5,0,0.24503]},"faces":{"north":{"uv":[6.875,0.875,7.75,1.125],"texture":"#2"},"east":{"uv":[4.75,5.5,4.875,5.75],"texture":"#2"},"south":{"uv":[6.875,1.125,7.75,1.375],"texture":"#2"},"west":{"uv":[4.75,5.75,4.875,6],"texture":"#2"},"up":{"uv":[8,3.25,7.125,3.125],"texture":"#2"},"down":{"uv":[8,3.25,7.125,3.375],"texture":"#2"}}},{"from":[4.5,11,0.99503],"to":[11.5,21,0.99503],"rotation":{"angle":0,"axis":"y","origin":[-1.5,0,0.24503]},"faces":{"north":{"uv":[4.75,6.25,5.625,7.5],"texture":"#2"},"east":{"uv":[0,0,0,1.25],"texture":"#2"},"south":{"uv":[5.625,6.25,6.5,7.5],"texture":"#2"},"west":{"uv":[0,0,0,1.25],"texture":"#2"},"up":{"uv":[0.875,0,0,0],"texture":"#2"},"down":{"uv":[0.875,0,0,0],"texture":"#2"}}},{"from":[4.5,10.5,1.74503],"to":[11.5,21.5,1.74503],"rotation":{"angle":0,"axis":"y","origin":[-1.5,0,0.24503]},"faces":{"north":{"uv":[6.25,3.25,7.125,4.625],"texture":"#2"},"east":{"uv":[0,0,0,1.375],"texture":"#2"},"south":{"uv":[6.25,4.625,7.125,6],"texture":"#2"},"west":{"uv":[0,0,0,1.375],"texture":"#2"},"up":{"uv":[0.875,0,0,0],"texture":"#2"},"down":{"uv":[0.875,0,0,0],"texture":"#2"}}},{"from":[11.5,9,0.74503],"to":[13.5,23,1.74503],"rotation":{"angle":0,"axis":"y","origin":[-1.5,0,0.24503]},"faces":{"north":{"uv":[0.5,6.625,0.75,8.375],"texture":"#2"},"east":{"uv":[2.75,6.75,2.875,8.5],"texture":"#2"},"south":{"uv":[0.75,6.625,1,8.375],"texture":"#2"},"west":{"uv":[2.875,6.75,3,8.5],"texture":"#2"},"up":{"uv":[6.5,6.125,6.25,6],"texture":"#2"},"down":{"uv":[6.5,6.125,6.25,6.25],"texture":"#2"}}},{"from":[3,15,-0.25497],"to":[4,18,0.74503],"rotation":{"angle":0,"axis":"y","origin":[-1.5,0,0.24503]},"faces":{"north":{"uv":[3.625,1.5,3.75,1.875],"texture":"#2"},"east":{"uv":[1.375,4.875,1.5,5.25],"texture":"#2"},"south":{"uv":[1.5,4.875,1.625,5.25],"texture":"#2"},"west":{"uv":[1.625,4.875,1.75,5.25],"texture":"#2"},"up":{"uv":[4.75,7.125,4.625,7],"texture":"#2"},"down":{"uv":[7.25,3.375,7.125,3.5],"texture":"#2"}}},{"from":[2.5,8,15.24503],"to":[13.5,20,16.24503],"rotation":{"angle":0,"axis":"y","origin":[-1.5,0,0.24503]},"faces":{"north":{"uv":[4.875,3.25,6.25,4.75],"texture":"#2"},"east":{"uv":[3.5,7,3.625,8.5],"texture":"#2"},"south":{"uv":[4.875,4.75,6.25,6.25],"texture":"#2"},"west":{"uv":[3.625,7,3.75,8.5],"texture":"#2"},"up":{"uv":[8.5,2.5,7.125,2.375],"texture":"#2"},"down":{"uv":[8.5,2.5,7.125,2.625],"texture":"#2"}}},{"from":[2.5,23,0.24503],"to":[13.5,24,1.24503],"rotation":{"angle":0,"axis":"y","origin":[-1.5,0,0.24503]},"faces":{"north":{"uv":[7.125,2.625,8.5,2.75],"texture":"#2"},"east":{"uv":[7.125,3.5,7.25,3.625],"texture":"#2"},"south":{"uv":[7.125,2.75,8.5,2.875],"texture":"#2"},"west":{"uv":[7.125,3.625,7.25,3.75],"texture":"#2"},"up":{"uv":[8.5,3,7.125,2.875],"texture":"#2"},"down":{"uv":[8.5,3,7.125,3.125],"texture":"#2"}}},{"from":[1.5,8,0.24503],"to":[2.5,24,1.24503],"rotation":{"angle":0,"axis":"y","origin":[-1.5,0,0.24503]},"faces":{"north":{"uv":[1.5,6.75,1.625,8.75],"texture":"#2"},"east":{"uv":[1.625,6.75,1.75,8.75],"texture":"#2"},"south":{"uv":[1.75,6.75,1.875,8.75],"texture":"#2"},"west":{"uv":[1.875,6.75,2,8.75],"texture":"#2"},"up":{"uv":[3.875,7.25,3.75,7.125],"texture":"#2"},"down":{"uv":[7.25,3.75,7.125,3.875],"texture":"#2"}}}],"gui_light":"front","display":{"thirdperson_righthand":{"rotation":[68,16,0],"translation":[-0.75,1.75,1.5],"scale":[0.22578,0.22578,0.22578]},"thirdperson_lefthand":{"rotation":[68,16,0],"translation":[-0.75,1.75,1.5],"scale":[0.22578,0.22578,0.22578]},"firstperson_righthand":{"rotation":[0,116,0],"translation":[2,2.75,0],"scale":[0.29641,0.29641,0.29641]},"firstperson_lefthand":{"rotation":[0,116,0],"translation":[2,2.75,0],"scale":[0.29641,0.29641,0.29641]},"ground":{"translation":[0,2.75,0],"scale":[0.39,0.39,0.39]},"gui":{"rotation":[22,-148,0],"translation":[0,-1.75,0],"scale":[0.53367,0.53367,0.53367]},"head":{"translation":[0,-14.25,0],"scale":[2.285,2.285,2.285]},"fixed":{"rotation":[-90,0,0],"translation":[0,0,-15.5],"scale":[2,2,2]}}}