{"parent":"minecraft:item/generated","textures":{"layer0":"minecraft:item/paper"},"overrides":[{"predicate":{"custom_model_data":10000},"model":"_iainternal:ia_auto_gen/icon_left_blue"},{"predicate":{"custom_model_data":10001},"model":"_iainternal:ia_auto_gen/icon_right_blue"},{"predicate":{"custom_model_data":10002},"model":"_iainternal:ia_auto_gen/icon_search"},{"predicate":{"custom_model_data":10003},"model":"_iainternal:ia_auto_gen/icon_cancel"},{"predicate":{"custom_model_data":10004},"model":"_iainternal:ia_auto_gen/icon_arrow_chest"},{"predicate":{"custom_model_data":10005},"model":"_iainternal:ia_auto_gen/icon_back_orange"},{"predicate":{"custom_model_data":10006},"model":"_iainternal:ia_auto_gen/icon_next_orange"},{"predicate":{"custom_model_data":10079},"model":"discordia:Sombreros_1/mascara_gas_rosa"},{"predicate":{"custom_model_data":10080},"model":"discordia:Sombreros_1/mascara_japonesa_15"},{"predicate":{"custom_model_data":10081},"model":"discordia:Sombreros_1/mascara_japonesa_13"},{"predicate":{"custom_model_data":10082},"model":"nogs_menagerie:plushies/nm_plushie_bunny_white"},{"predicate":{"custom_model_data":10083},"model":"discordia:Sombreros_1/mascara_japonesa_6"},{"predicate":{"custom_model_data":10084},"model":"discordia:Sombreros_1/bee"},{"predicate":{"custom_model_data":10085},"model":"discordia:Sombreros_1/mascara_japonesa_12"},{"predicate":{"custom_model_data":10086},"model":"nogs_menagerie:plushies/nm_plushie_bunny_pink"},{"predicate":{"custom_model_data":10087},"model":"discordia:Sombreros_1/mascara_japonesa_3"},{"predicate":{"custom_model_data":10088},"model":"discordia:Sombreros_1/mascara_japonesa_2"},{"predicate":{"custom_model_data":10089},"model":"discordia:Sombreros_1/mascara_japonesa_1"},{"predicate":{"custom_model_data":10090},"model":"discordia:Sombreros_1/mascara_japonesa_10"},{"predicate":{"custom_model_data":10091},"model":"discordia:Sombreros_1/mascara_japonesa_7"},{"predicate":{"custom_model_data":10092},"model":"discordia:Sombreros_1/mascara_gas_blanco"},{"predicate":{"custom_model_data":10093},"model":"nogs_menagerie:plushies/nm_plushie_mother_goose"},{"predicate":{"custom_model_data":10094},"model":"nogs_menagerie:plushies/nm_plushie_bunny_brown"},{"predicate":{"custom_model_data":10095},"model":"discordia:Sombreros_1/mascara_japonesa_8"},{"predicate":{"custom_model_data":10096},"model":"discordia:Sombreros_1/trabajador"},{"predicate":{"custom_model_data":10097},"model":"discordia:Sombreros_1/mascara_gas_morado"},{"predicate":{"custom_model_data":10098},"model":"discordia:Sombreros_1/mascara_japonesa_14"},{"predicate":{"custom_model_data":10099},"model":"nogs_menagerie:plushies/nm_plushie_chick_pink"},{"predicate":{"custom_model_data":10100},"model":"discordia:Sombreros_1/mascara_gas_amarillo"},{"predicate":{"custom_model_data":10101},"model":"discordia:Sombreros_1/mascara_japonesa_11"},{"predicate":{"custom_model_data":10102},"model":"nogs_menagerie:plushies/nm_plushie_chick_blue"},{"predicate":{"custom_model_data":10103},"model":"nogs_menagerie:plushies/nm_plushie_bunny_yellow"},{"predicate":{"custom_model_data":10104},"model":"discordia:Sombreros_1/mascara_japonesa_5"},{"predicate":{"custom_model_data":10105},"model":"nogs_menagerie:plushies/nm_plushie_easter_bunny"},{"predicate":{"custom_model_data":10106},"model":"discordia:Sombreros_1/mascara_japonesa_9"},{"predicate":{"custom_model_data":10107},"model":"discordia:Sombreros_1/mcdonalds"},{"predicate":{"custom_model_data":10108},"model":"nogs_menagerie:plushies/nm_plushie_bunny_hopz"},{"predicate":{"custom_model_data":10110},"model":"discordia:Sombreros_1/miku"},{"predicate":{"custom_model_data":10111},"model":"discordia:Sombreros_1/mascara_gas_azul"},{"predicate":{"custom_model_data":10112},"model":"nogs_menagerie:plushies/nm_plushie_bunny_blue"},{"predicate":{"custom_model_data":10113},"model":"discordia:Sombreros_1/mascara_japonesa_4"},{"predicate":{"custom_model_data":10114},"model":"nogs_menagerie:plushies/nm_plushie_chick_yellow"},{"predicate":{"custom_model_data":10116},"model":"zencraft:legendary/diamond_box"},{"predicate":{"custom_model_data":10117},"model":"nogs_menagerie:figures/nm_figure_chicken"},{"predicate":{"custom_model_data":10118},"model":"nogs_menagerie:figures/nm_figure_cow"},{"predicate":{"custom_model_data":10119},"model":"zencraft:legendary/amethyst_box"},{"predicate":{"custom_model_data":10120},"model":"nogs_menagerie:figures/nm_figure_cow_unboxed"},{"predicate":{"custom_model_data":10121},"model":"nogs_menagerie:figures/nm_figure_goat"},{"predicate":{"custom_model_data":10122},"model":"zencraft:copa"},{"predicate":{"custom_model_data":10123},"model":"nogs_menagerie:figures/nm_figure_steve_unboxed"},{"predicate":{"custom_model_data":10124},"model":"zencraft:quest_board"},{"predicate":{"custom_model_data":10125},"model":"nogs_menagerie:figures/nm_figure_goat_unboxed"},{"predicate":{"custom_model_data":10126},"model":"nogs_menagerie:figures/nm_figure_pig_unboxed"},{"predicate":{"custom_model_data":10127},"model":"nogs_menagerie:figures/nm_figure_skeleton_unboxed"},{"predicate":{"custom_model_data":10128},"model":"nogs_menagerie:figures/nm_figure_sheep_unboxed"},{"predicate":{"custom_model_data":10129},"model":"zencraft:legendary/iron_box"},{"predicate":{"custom_model_data":10130},"model":"nogs_menagerie:figures/nm_figure_zombie"},{"predicate":{"custom_model_data":10131},"model":"nogs_menagerie:figures/nm_figure_zombie_unboxed"},{"predicate":{"custom_model_data":10132},"model":"nogs_menagerie:figures/nm_figure_chicken_unboxed"},{"predicate":{"custom_model_data":10133},"model":"zencraft:legendary/gold_box"},{"predicate":{"custom_model_data":10134},"model":"nogs_menagerie:figures/nm_figure_skeleton"},{"predicate":{"custom_model_data":10135},"model":"zencraft:legendary/emerald_box"},{"predicate":{"custom_model_data":10136},"model":"nogs_menagerie:figures/nm_figure_villager_unboxed"},{"predicate":{"custom_model_data":10137},"model":"gold_coins:gold_coins_one_stack"},{"predicate":{"custom_model_data":10138},"model":"gold_coins:gold_coins_two_bowl"},{"predicate":{"custom_model_data":10139},"model":"gold_coins:gold_coins_tree_sack"},{"predicate":{"custom_model_data":10140},"model":"gold_coins:gold_coins_four_bucket"},{"predicate":{"custom_model_data":10141},"model":"gold_coins:gold_coins_five_barrel"},{"predicate":{"custom_model_data":10142},"model":"gold_coins:gold_coins_six_chest"},{"predicate":{"custom_model_data":10143},"model":"nogs_menagerie:figures/nm_figure_villager"},{"predicate":{"custom_model_data":10144},"model":"nogs_menagerie:figures/nm_figure_sheep"},{"predicate":{"custom_model_data":10145},"model":"nogs_menagerie:figures/nm_figure_steve"},{"predicate":{"custom_model_data":10146},"model":"plantas:plants/plants_big_bonsai"},{"predicate":{"custom_model_data":10147},"model":"plantas:plants/plants_big_bowhemp"},{"predicate":{"custom_model_data":10148},"model":"plantas:plants/plants_big_cactus"},{"predicate":{"custom_model_data":10149},"model":"plantas:plants/plants_big_ficustree"},{"predicate":{"custom_model_data":10150},"model":"plantas:plants/plants_big_fiddleleaffig"},{"predicate":{"custom_model_data":10151},"model":"plantas:plants/plants_big_fir"},{"predicate":{"custom_model_data":10152},"model":"plantas:plants/plants_big_monstera"},{"predicate":{"custom_model_data":10153},"model":"plantas:plants/plants_big_sagopalm"},{"predicate":{"custom_model_data":10154},"model":"plantas:plants/plants_bigbox_tulips"},{"predicate":{"custom_model_data":10155},"model":"plantas:plants/plants_bigbox_violets"},{"predicate":{"custom_model_data":10156},"model":"plantas:plants/plants_box_tulips"},{"predicate":{"custom_model_data":10157},"model":"plantas:plants/plants_box_violets"},{"predicate":{"custom_model_data":10158},"model":"plantas:plants/plants_hanging_daisy"},{"predicate":{"custom_model_data":10159},"model":"plantas:plants/plants_hanging_pothos"},{"predicate":{"custom_model_data":10160},"model":"plantas:plants/plants_small_aralia"},{"predicate":{"custom_model_data":10161},"model":"plantas:plants/plants_small_fir"},{"predicate":{"custom_model_data":10162},"model":"plantas:plants/plants_small_tulip"},{"predicate":{"custom_model_data":10163},"model":"plantas:plants/plants_small_violet"},{"predicate":{"custom_model_data":10164},"model":"plantas:plants/plants_vines_flowering"},{"predicate":{"custom_model_data":10165},"model":"nogs_menagerie:figures/nm_figure_pig"},{"predicate":{"custom_model_data":10166},"model":"nogs_menagerie:figures/nm_figure_mooshroom_unboxed"},{"predicate":{"custom_model_data":10167},"model":"nogs_menagerie:figures/nm_figure_mooshroom"},{"predicate":{"custom_model_data":10168},"model":"fnff:decorative_freddy"},{"predicate":{"custom_model_data":10169},"model":"food2:food2_model/lemonade_dispenser"},{"predicate":{"custom_model_data":10170},"model":"funkos:head-staff/funko_zero"},{"predicate":{"custom_model_data":10171},"model":"food2:food2_model/roast"},{"predicate":{"custom_model_data":10172},"model":"food2:food2_model/wine"},{"predicate":{"custom_model_data":10173},"model":"food2:food2_model/beer"},{"predicate":{"custom_model_data":10174},"model":"discordia:Sombreros_1/monoculo"},{"predicate":{"custom_model_data":10175},"model":"food2:food2_model/kebap_set"},{"predicate":{"custom_model_data":10176},"model":"food2:food2_model/taco"},{"predicate":{"custom_model_data":10177},"model":"discordia:Sombreros_1/plague_mask"},{"predicate":{"custom_model_data":10178},"model":"fnff:decorative_bonny"},{"predicate":{"custom_model_data":10179},"model":"food2:food2_model/hot_dog"},{"predicate":{"custom_model_data":10180},"model":"food2:food2_model/donut_mint"},{"predicate":{"custom_model_data":10181},"model":"discordia:Sombreros_1/cuernos"},{"predicate":{"custom_model_data":10182},"model":"fnff:decorative_goldenfreddy"},{"predicate":{"custom_model_data":10183},"model":"discordia:Sombreros_1/ajolote"},{"predicate":{"custom_model_data":10184},"model":"food2:food2_model/baguette"},{"predicate":{"custom_model_data":10185},"model":"funkos:funko_ranko"},{"predicate":{"custom_model_data":10186},"model":"funkos:head-staff/funko_alixart"},{"predicate":{"custom_model_data":10187},"model":"food2:food2_model/strawberry_ade_dispenser"},{"predicate":{"custom_model_data":10188},"model":"food2:food2_model/onigiri"},{"predicate":{"custom_model_data":10189},"model":"funkos:funko_majinbuu"},{"predicate":{"custom_model_data":10190},"model":"food2:food2_model/gingerbread"},{"predicate":{"custom_model_data":10191},"model":"food2:food2_model/hot_chocolate"},{"predicate":{"custom_model_data":10192},"model":"food2:food2_model/lemonade"},{"predicate":{"custom_model_data":10193},"model":"funkos:funko_ranma"},{"predicate":{"custom_model_data":10194},"model":"food2:food2_model/ramen"},{"predicate":{"custom_model_data":10195},"model":"fnff:decorative_foxy"},{"predicate":{"custom_model_data":10196},"model":"food2:food2_model/burger_double"},{"predicate":{"custom_model_data":10197},"model":"funkos:head-staff/funko_wizz"},{"predicate":{"custom_model_data":10198},"model":"food2:food2_model/donut_chocolate"},{"predicate":{"custom_model_data":10199},"model":"fnff:decorative_chica"},{"predicate":{"custom_model_data":10200},"model":"discordia:Sombreros_1/harlequin"},{"predicate":{"custom_model_data":10201},"model":"food2:food2_model/roasted_turkey"},{"predicate":{"custom_model_data":10202},"model":"funkos:decorative_funko_bills"},{"predicate":{"custom_model_data":10203},"model":"funkos:decorative_funko_sakura"},{"predicate":{"custom_model_data":10204},"model":"funkos:decorative_funko_kokun"},{"predicate":{"custom_model_data":10205},"model":"funkos:decorative_funko_madara"},{"predicate":{"custom_model_data":10206},"model":"funkos:decorative_funko_jiraiya"},{"predicate":{"custom_model_data":10207},"model":"funkos:decorative_funko_kakashi"},{"predicate":{"custom_model_data":10208},"model":"discordia:Sombreros_1/zeritohat"},{"predicate":{"custom_model_data":10209},"model":"funkos:decorative_funko_obito"},{"predicate":{"custom_model_data":10210},"model":"funkos:decorative_funko_hinata"},{"predicate":{"custom_model_data":10211},"model":"funkos:decorative_funko_vegeto"},{"predicate":{"custom_model_data":10212},"model":"funkos:decorative_funko_freezer"},{"predicate":{"custom_model_data":10213},"model":"funkos:decorative_funko_sasuke"},{"predicate":{"custom_model_data":10214},"model":"funkos:decorative_funko_naruto"},{"predicate":{"custom_model_data":10215},"model":"omstore:woodpack_1/sticks_o"},{"predicate":{"custom_model_data":10216},"model":"omstore:woodpack_1/wooden_chair2_o"},{"predicate":{"custom_model_data":10217},"model":"omstore:woodpack_1/wooden_chair_o"},{"predicate":{"custom_model_data":10218},"model":"omstore:woodpack_1/wooden_table_o"},{"predicate":{"custom_model_data":10219},"model":"omstore:woodpack_1/wooden_pot_o"},{"predicate":{"custom_model_data":10220},"model":"omstore:woodpack_1/wooden_halflog_o"},{"predicate":{"custom_model_data":10221},"model":"omstore:woodpack_1/tent_o"},{"predicate":{"custom_model_data":10222},"model":"omstore:woodpack_1/cradle_o"},{"predicate":{"custom_model_data":10223},"model":"omstore:woodpack_1/cradle_forest"},{"predicate":{"custom_model_data":10224},"model":"omstore:woodpack_1/camping_o"},{"predicate":{"custom_model_data":10225},"model":"omstore:woodpack_1/wooden_fench_o"},{"predicate":{"custom_model_data":10226},"model":"omstore:woodpack_1/torch_o"},{"predicate":{"custom_model_data":10227},"model":"omstore:woodpack_1/wooden_tallchair_o"},{"predicate":{"custom_model_data":10228},"model":"omstore:woodpack_1/wooden_double_armchair_o"},{"predicate":{"custom_model_data":10229},"model":"omstore:woodpack_1/wooden_single_armchair_o"},{"predicate":{"custom_model_data":10230},"model":"omstore:woodpack_1/wooden_bench_table_o"},{"predicate":{"custom_model_data":10231},"model":"omstore:woodpack_1/sleepingbag_beach_o"},{"predicate":{"custom_model_data":10232},"model":"omstore:woodpack_1/sleeping_bag_o"},{"predicate":{"custom_model_data":10233},"model":"omstore:woodpack_1/sleeping_bagroll_o"},{"predicate":{"custom_model_data":10234},"model":"omstore:woodpack_1/sleeping_bagroll_beach_o"},{"predicate":{"custom_model_data":10235},"model":"omstore:woodpack_1/wooden_side_table_o"},{"predicate":{"custom_model_data":10236},"model":"omstore:woodpack_1/beach_chair_o"},{"predicate":{"custom_model_data":10237},"model":"omstore:woodpack_1/forest_chair_o"},{"predicate":{"custom_model_data":10238},"model":"omstore:woodpack_1/umbrella_o"},{"predicate":{"custom_model_data":10239},"model":"omstore:woodpack_1/smallchair_beach_o"},{"predicate":{"custom_model_data":10240},"model":"omstore:woodpack_1/smallchair_forest_o"},{"predicate":{"custom_model_data":10241},"model":"omstore:woodpack_1/bed_forest_o"},{"predicate":{"custom_model_data":10242},"model":"omstore:woodpack_1/bed_beach_o"},{"predicate":{"custom_model_data":10243},"model":"furnituresplusfree:redvibecollection/red_wooden_sofa_left"},{"predicate":{"custom_model_data":10244},"model":"furnituresplusfree:redvibecollection/red_wooden_sofa_right"},{"predicate":{"custom_model_data":10245},"model":"furnituresplusfree:redvibecollection/red_wooden_lowtable"},{"predicate":{"custom_model_data":10246},"model":"furnituresplusfree:blankacollection/white_wooden_sofa_left"},{"predicate":{"custom_model_data":10247},"model":"furnituresplusfree:blankacollection/white_wooden_sofa_right"},{"predicate":{"custom_model_data":10248},"model":"furnituresplusfree:blankacollection/white_wooden_lowtable"},{"predicate":{"custom_model_data":10249},"model":"furnituresplusfree:summercollection/cyan_wooden_sofa_left"},{"predicate":{"custom_model_data":10250},"model":"furnituresplusfree:summercollection/cyan_wooden_sofa_right"},{"predicate":{"custom_model_data":10251},"model":"furnituresplusfree:summercollection/cyan_lowtable"},{"predicate":{"custom_model_data":10252},"model":"furnituresplusfree:acaciagraycollection/gray_wooden_sofa_left"},{"predicate":{"custom_model_data":10253},"model":"furnituresplusfree:acaciagraycollection/gray_wooden_sofa_right"},{"predicate":{"custom_model_data":10254},"model":"furnituresplusfree:acaciagraycollection/gray_wooden_lowtable"},{"predicate":{"custom_model_data":10255},"model":"furnituresplusfree:steelcollection/iron_sofa_left"},{"predicate":{"custom_model_data":10256},"model":"furnituresplusfree:steelcollection/iron_sofa_right"},{"predicate":{"custom_model_data":10257},"model":"furnituresplusfree:steelcollection/iron_lowtable"},{"predicate":{"custom_model_data":10258},"model":"furnituresplusfree:amethystcollection/amethyst_sofa_left"},{"predicate":{"custom_model_data":10259},"model":"furnituresplusfree:amethystcollection/amethyst_sofa_right"},{"predicate":{"custom_model_data":10260},"model":"furnituresplusfree:amethystcollection/amethyst_lowtable"},{"predicate":{"custom_model_data":10261},"model":"itemshop:itemshop/black_shop_cover"},{"predicate":{"custom_model_data":10262},"model":"itemshop:itemshop/blue_shop_cover"},{"predicate":{"custom_model_data":10263},"model":"itemshop:itemshop/brown_shop_cover"},{"predicate":{"custom_model_data":10264},"model":"itemshop:itemshop/cyan_shop_cover"},{"predicate":{"custom_model_data":10265},"model":"itemshop:itemshop/gray_shop_cover"},{"predicate":{"custom_model_data":10266},"model":"itemshop:itemshop/green_shop_cover"},{"predicate":{"custom_model_data":10267},"model":"itemshop:itemshop/light_blue_shop_cover"},{"predicate":{"custom_model_data":10268},"model":"itemshop:itemshop/light_gray_shop_cover"},{"predicate":{"custom_model_data":10269},"model":"itemshop:itemshop/lime_shop_cover"},{"predicate":{"custom_model_data":10270},"model":"itemshop:itemshop/magenta_shop_cover"},{"predicate":{"custom_model_data":10271},"model":"itemshop:itemshop/orange_shop_cover"},{"predicate":{"custom_model_data":10272},"model":"itemshop:itemshop/pink_shop_cover"},{"predicate":{"custom_model_data":10273},"model":"itemshop:itemshop/purple_shop_cover"},{"predicate":{"custom_model_data":10274},"model":"itemshop:itemshop/red_shop_cover"},{"predicate":{"custom_model_data":10275},"model":"itemshop:itemshop/white_shop_cover"},{"predicate":{"custom_model_data":10276},"model":"itemshop:itemshop/yellow_shop_cover"},{"predicate":{"custom_model_data":10277},"model":"itemshop:itemshop/storage_box"},{"predicate":{"custom_model_data":10278},"model":"itemshop:itemshop/storage_box_mini"},{"predicate":{"custom_model_data":10279},"model":"itemshop:itemshop/sellbox/apple_sellbox"},{"predicate":{"custom_model_data":10280},"model":"itemshop:itemshop/sellbox/beetroot_sellbox"},{"predicate":{"custom_model_data":10281},"model":"itemshop:itemshop/sellbox/carrot_sellbox"},{"predicate":{"custom_model_data":10282},"model":"itemshop:itemshop/sellbox/copper_sellbox"},{"predicate":{"custom_model_data":10283},"model":"itemshop:itemshop/sellbox/fish_sellbox"},{"predicate":{"custom_model_data":10284},"model":"itemshop:itemshop/sellbox/gapple_sellbox"},{"predicate":{"custom_model_data":10285},"model":"itemshop:itemshop/sellbox/glowberry_sellbox"},{"predicate":{"custom_model_data":10286},"model":"itemshop:itemshop/sellbox/melon_sellbox"},{"predicate":{"custom_model_data":10287},"model":"itemshop:itemshop/sellbox/minerals_sellbox"},{"predicate":{"custom_model_data":10288},"model":"itemshop:itemshop/sellbox/potato_sellbox"},{"predicate":{"custom_model_data":10289},"model":"itemshop:itemshop/sellbox/sugar_cane_sellbox"},{"predicate":{"custom_model_data":10290},"model":"itemshop:itemshop/sellbox/sweet_berries_sellbox"},{"predicate":{"custom_model_data":10291},"model":"itemshop:itemshop/sellbox/terracotta_sellbox"},{"predicate":{"custom_model_data":10292},"model":"itemshop:itemshop/sellbox/wood_sellbox"},{"predicate":{"custom_model_data":10293},"model":"itemshop:itemshop/sellbox/wool_sellbox"},{"predicate":{"custom_model_data":10294},"model":"itemshop:itemshop/sellbox/sword_sellbox"},{"predicate":{"custom_model_data":10295},"model":"itemshop:itemshop/sellbox/tools_sellbox"},{"predicate":{"custom_model_data":10296},"model":"itemshop:itemshop/sellbox/books_sellbox"},{"predicate":{"custom_model_data":10297},"model":"itemshop:itemshop/cash/cash_register_black"},{"predicate":{"custom_model_data":10298},"model":"itemshop:itemshop/cash/cash_register_blue"},{"predicate":{"custom_model_data":10299},"model":"itemshop:itemshop/cash/cash_register_brown"},{"predicate":{"custom_model_data":10300},"model":"itemshop:itemshop/cash/cash_register_cyan"},{"predicate":{"custom_model_data":10301},"model":"itemshop:itemshop/cash/cash_register_green"},{"predicate":{"custom_model_data":10302},"model":"itemshop:itemshop/cash/cash_register_orange"},{"predicate":{"custom_model_data":10303},"model":"itemshop:itemshop/cash/cash_register_pink"},{"predicate":{"custom_model_data":10304},"model":"itemshop:itemshop/cash/cash_register_red"},{"predicate":{"custom_model_data":10305},"model":"itemshop:itemshop/cash/cash_register_yellow"},{"predicate":{"custom_model_data":10306},"model":"park_plus:bench"},{"predicate":{"custom_model_data":10307},"model":"park_plus:box"},{"predicate":{"custom_model_data":10308},"model":"park_plus:box_construction"},{"predicate":{"custom_model_data":10309},"model":"park_plus:under_construction"},{"predicate":{"custom_model_data":10310},"model":"park_plus:little_box"},{"predicate":{"custom_model_data":10311},"model":"park_plus:concret_pot_plant"},{"predicate":{"custom_model_data":10312},"model":"park_plus:wooden_flower_pot"},{"predicate":{"custom_model_data":10313},"model":"park_plus:log_bench"},{"predicate":{"custom_model_data":10314},"model":"park_plus:picnic_table"},{"predicate":{"custom_model_data":10315},"model":"park_plus:picnic_table_nappe"},{"predicate":{"custom_model_data":10316},"model":"park_plus:stele_1"},{"predicate":{"custom_model_data":10317},"model":"park_plus:stele_2"},{"predicate":{"custom_model_data":10318},"model":"park_plus:stele_3"},{"predicate":{"custom_model_data":10319},"model":"park_plus:stele_4"},{"predicate":{"custom_model_data":10320},"model":"park_plus:stele_5"},{"predicate":{"custom_model_data":10321},"model":"park_plus:street_lamp"},{"predicate":{"custom_model_data":10322},"model":"park_plus:street_lamp_double"},{"predicate":{"custom_model_data":10323},"model":"park_plus:street_lamp_quadruple"},{"predicate":{"custom_model_data":10324},"model":"park_plus:street_lamp_upper"},{"predicate":{"custom_model_data":10325},"model":"park_plus:street_lamp_upper_double"},{"predicate":{"custom_model_data":10326},"model":"park_plus:street_lamp_upper_quadruple"},{"predicate":{"custom_model_data":10327},"model":"park_plus:street_lamp_upper_triple"},{"predicate":{"custom_model_data":10328},"model":"park_plus:swing"},{"predicate":{"custom_model_data":10329},"model":"park_plus:bird_house"},{"predicate":{"custom_model_data":10330},"model":"park_plus:fence"},{"predicate":{"custom_model_data":10331},"model":"park_plus:light_wooden_pallet"},{"predicate":{"custom_model_data":10332},"model":"park_plus:wooden_pallet"},{"predicate":{"custom_model_data":10333},"model":"park_plus:wooden_ground_planks"},{"predicate":{"custom_model_data":10334},"model":"park_plus:lantern_box"},{"predicate":{"custom_model_data":10353},"model":"gardenplus:plantes/dreapleafplante_birch"},{"predicate":{"custom_model_data":10354},"model":"gardenplus:plantes/dreapleafplante_crimson"},{"predicate":{"custom_model_data":10355},"model":"gardenplus:plantes/dreapleafplante_spurce"},{"predicate":{"custom_model_data":10356},"model":"gardenplus:plantes/dreapleafplante_warped"},{"predicate":{"custom_model_data":10357},"model":"gardenplus:plantes/dreapleafplante_cobble"},{"predicate":{"custom_model_data":10358},"model":"gardenplus:plantes/dreapleafplante_jungle"},{"predicate":{"custom_model_data":10359},"model":"gardenplus:plantes/dreapleafplante_brick"},{"predicate":{"custom_model_data":10360},"model":"gardenplus:plantes/bamboo_oak"},{"predicate":{"custom_model_data":10361},"model":"gardenplus:plantes/bamboo_dark_oak"},{"predicate":{"custom_model_data":10362},"model":"gardenplus:plantes/bamboo_birch"},{"predicate":{"custom_model_data":10363},"model":"gardenplus:plantes/bamboo_brick"},{"predicate":{"custom_model_data":10364},"model":"gardenplus:plantes/bamboo_cobble"},{"predicate":{"custom_model_data":10365},"model":"gardenplus:plantes/plantesuspendu"},{"predicate":{"custom_model_data":10366},"model":"gardenplus:plantes/plantesuspendu_birch"},{"predicate":{"custom_model_data":10367},"model":"gardenplus:plantes/plantesuspendu_darkoak"},{"predicate":{"custom_model_data":10368},"model":"gardenplus:plantes/plantesuspendu_crimson"},{"predicate":{"custom_model_data":10369},"model":"gardenplus:plantes/plantesuspendu_jungle"},{"predicate":{"custom_model_data":10370},"model":"gardenplus:plantes/plantesuspendu_spruce"},{"predicate":{"custom_model_data":10371},"model":"gardenplus:plantes/plantesuspendu_warped"},{"predicate":{"custom_model_data":10372},"model":"gardenplus:plantes/plantesuspendu_acacia"},{"predicate":{"custom_model_data":10373},"model":"gardenplus:plantes/rosier_oak"},{"predicate":{"custom_model_data":10374},"model":"gardenplus:plantes/rosier_dark_oak"},{"predicate":{"custom_model_data":10375},"model":"gardenplus:plantes/rosier_spruce"},{"predicate":{"custom_model_data":10376},"model":"gardenplus:plantes/rosier_birch"},{"predicate":{"custom_model_data":10377},"model":"gardenplus:plantes/lilas_birch"},{"predicate":{"custom_model_data":10378},"model":"gardenplus:plantes/lilas_spruce"},{"predicate":{"custom_model_data":10379},"model":"gardenplus:plantes/lilas_oak"},{"predicate":{"custom_model_data":10380},"model":"gardenplus:plantes/lilas_dark_oak"},{"predicate":{"custom_model_data":10381},"model":"gardenplus:plantes/peony_birch"},{"predicate":{"custom_model_data":10382},"model":"gardenplus:plantes/peony_spruce"},{"predicate":{"custom_model_data":10383},"model":"gardenplus:plantes/peony_oak"},{"predicate":{"custom_model_data":10384},"model":"gardenplus:plantes/peony_dark_oak"},{"predicate":{"custom_model_data":10385},"model":"gardenplus:plantes/peony_big_barrel"},{"predicate":{"custom_model_data":10386},"model":"gardenplus:plantes/peony_big_brick"},{"predicate":{"custom_model_data":10387},"model":"gardenplus:plantes/peony_big_cobble"},{"predicate":{"custom_model_data":10388},"model":"gardenplus:plantes/rose_big_barrel"},{"predicate":{"custom_model_data":10389},"model":"gardenplus:plantes/rose_big_brick"},{"predicate":{"custom_model_data":10390},"model":"gardenplus:plantes/rose_big_cobble"},{"predicate":{"custom_model_data":10391},"model":"gardenplus:plantes/lilac_big_barrel"},{"predicate":{"custom_model_data":10392},"model":"gardenplus:plantes/lilac_big_brick"},{"predicate":{"custom_model_data":10393},"model":"gardenplus:plantes/lilac_big_cobble"},{"predicate":{"custom_model_data":10394},"model":"gardenplus:plantes/windowpotside_acacia_pink"},{"predicate":{"custom_model_data":10395},"model":"gardenplus:plantes/windowpotside_barrel_pink"},{"predicate":{"custom_model_data":10396},"model":"gardenplus:plantes/windowpotside_birch_pink"},{"predicate":{"custom_model_data":10397},"model":"gardenplus:plantes/windowpotside_brick_pink"},{"predicate":{"custom_model_data":10398},"model":"gardenplus:plantes/windowpotside_cobble_pink"},{"predicate":{"custom_model_data":10399},"model":"gardenplus:plantes/windowpotside_crimson_pink"},{"predicate":{"custom_model_data":10400},"model":"gardenplus:plantes/windowpotside_darkoak_pink"},{"predicate":{"custom_model_data":10401},"model":"gardenplus:plantes/windowpotside_jungle_pink"},{"predicate":{"custom_model_data":10402},"model":"gardenplus:plantes/windowpotside_oak_pink"},{"predicate":{"custom_model_data":10403},"model":"gardenplus:plantes/windowpotside_spruce_pink"},{"predicate":{"custom_model_data":10404},"model":"gardenplus:plantes/windowpotside_warped_pink"},{"predicate":{"custom_model_data":10405},"model":"gardenplus:bancs/banc_acacia_gauche"},{"predicate":{"custom_model_data":10406},"model":"gardenplus:bancs/banc_acacia_droit"},{"predicate":{"custom_model_data":10407},"model":"gardenplus:bancs/banc_birch_gauche"},{"predicate":{"custom_model_data":10408},"model":"gardenplus:bancs/banc_birch_droit"},{"predicate":{"custom_model_data":10409},"model":"gardenplus:bancs/banc_crimson_gauche"},{"predicate":{"custom_model_data":10410},"model":"gardenplus:bancs/banc_crimson_droit"},{"predicate":{"custom_model_data":10411},"model":"gardenplus:bancs/banc_darkoak_gauche"},{"predicate":{"custom_model_data":10412},"model":"gardenplus:bancs/banc_darkoak_droit"},{"predicate":{"custom_model_data":10413},"model":"gardenplus:bancs/banc_jungle_gauche"},{"predicate":{"custom_model_data":10414},"model":"gardenplus:bancs/banc_jungle_droit"},{"predicate":{"custom_model_data":10415},"model":"gardenplus:bancs/banc_oak_gauche"},{"predicate":{"custom_model_data":10416},"model":"gardenplus:bancs/banc_oak_droit"},{"predicate":{"custom_model_data":10417},"model":"gardenplus:bancs/banc_spruce_gauche"},{"predicate":{"custom_model_data":10418},"model":"gardenplus:bancs/banc_spruce_droit"},{"predicate":{"custom_model_data":10419},"model":"gardenplus:bancs/banc_warped_gauche"},{"predicate":{"custom_model_data":10420},"model":"gardenplus:bancs/banc_warped_droit"},{"predicate":{"custom_model_data":10421},"model":"furnituresplusfree:machine/fabric_machine_plus"},{"predicate":{"custom_model_data":10422},"model":"nightclub_furniture_v2:nightclub_furniture_v2/nightclub_bar_01"},{"predicate":{"custom_model_data":10423},"model":"nightclub_furniture_v2:nightclub_furniture_v2/nightclub_bar_02"},{"predicate":{"custom_model_data":10424},"model":"nightclub_furniture_v2:nightclub_furniture_v2/nightclub_bar_03"},{"predicate":{"custom_model_data":10425},"model":"nightclub_furniture_v2:nightclub_furniture_v2/nightclub_bar_chair_red"},{"predicate":{"custom_model_data":10426},"model":"nightclub_furniture_v2:nightclub_furniture_v2/nightclub_bar_cooler"},{"predicate":{"custom_model_data":10427},"model":"nightclub_furniture_v2:nightclub_furniture_v2/nightclub_bar_shelf"},{"predicate":{"custom_model_data":10428},"model":"nightclub_furniture_v2:nightclub_furniture_v2/nightclub_chair_brown"},{"predicate":{"custom_model_data":10429},"model":"nightclub_furniture_v2:nightclub_furniture_v2/nightclub_dance_floor"},{"predicate":{"custom_model_data":10430},"model":"nightclub_furniture_v2:nightclub_furniture_v2/nightclub_dj_set"},{"predicate":{"custom_model_data":10431},"model":"nightclub_furniture_v2:nightclub_furniture_v2/nightclub_ice_bucket"},{"predicate":{"custom_model_data":10432},"model":"nightclub_furniture_v2:nightclub_furniture_v2/nightclub_led_sing"},{"predicate":{"custom_model_data":10433},"model":"nightclub_furniture_v2:nightclub_furniture_v2/nightclub_sofa"},{"predicate":{"custom_model_data":10434},"model":"nightclub_furniture_v2:nightclub_furniture_v2/nightclub_sofa_corner"},{"predicate":{"custom_model_data":10435},"model":"nightclub_furniture_v2:nightclub_furniture_v2/nightclub_sofa_long"},{"predicate":{"custom_model_data":10436},"model":"nightclub_furniture_v2:nightclub_furniture_v2/nightclub_table"},{"predicate":{"custom_model_data":10437},"model":"nightclub_furniture_v2:nightclub_furniture_v2/nightclub_table_long"},{"predicate":{"custom_model_data":10438},"model":"japan_furniture_v2:japan_furniture_v2/jf2_altar-table"},{"predicate":{"custom_model_data":10439},"model":"japan_furniture_v2:japan_furniture_v2/jf2_basket"},{"predicate":{"custom_model_data":10440},"model":"japan_furniture_v2:japan_furniture_v2/jf2_black-blow"},{"predicate":{"custom_model_data":10441},"model":"japan_furniture_v2:japan_furniture_v2/jf2_blue-blow"},{"predicate":{"custom_model_data":10442},"model":"japan_furniture_v2:japan_furniture_v2/jf2_box-of-book"},{"predicate":{"custom_model_data":10443},"model":"japan_furniture_v2:japan_furniture_v2/jf2_flower-pot-2"},{"predicate":{"custom_model_data":10444},"model":"japan_furniture_v2:japan_furniture_v2/jf2_flower-pot-2"},{"predicate":{"custom_model_data":10445},"model":"japan_furniture_v2:japan_furniture_v2/jf2_green-book-with-cam"},{"predicate":{"custom_model_data":10446},"model":"japan_furniture_v2:japan_furniture_v2/jf2_joss-pot"},{"predicate":{"custom_model_data":10447},"model":"japan_furniture_v2:japan_furniture_v2/jf2_jp-text"},{"predicate":{"custom_model_data":10448},"model":"japan_furniture_v2:japan_furniture_v2/jf2_kantana-stand"},{"predicate":{"custom_model_data":10449},"model":"japan_furniture_v2:japan_furniture_v2/jf2_kantana-stand-2"},{"predicate":{"custom_model_data":10450},"model":"japan_furniture_v2:japan_furniture_v2/jf2_money-chest"},{"predicate":{"custom_model_data":10451},"model":"japan_furniture_v2:japan_furniture_v2/jf2_purpur-small-box-close"},{"predicate":{"custom_model_data":10452},"model":"japan_furniture_v2:japan_furniture_v2/jf2_purpur-small-box-open"},{"predicate":{"custom_model_data":10453},"model":"japan_furniture_v2:japan_furniture_v2/jf2_red-tea-set"},{"predicate":{"custom_model_data":10454},"model":"japan_furniture_v2:japan_furniture_v2/jf2_red-tea-set-2"},{"predicate":{"custom_model_data":10455},"model":"japan_furniture_v2:japan_furniture_v2/jf2_small-table"},{"predicate":{"custom_model_data":10456},"model":"japan_furniture_v2:japan_furniture_v2/jf2_stand-stone"},{"predicate":{"custom_model_data":10457},"model":"japan_furniture_v2:japan_furniture_v2/jf2_stand-with-a-book"},{"predicate":{"custom_model_data":10458},"model":"japan_furniture_v2:japan_furniture_v2/jf2_stick"},{"predicate":{"custom_model_data":10459},"model":"japan_furniture_v2:japan_furniture_v2/jf2_white-box"},{"predicate":{"custom_model_data":10460},"model":"japan_furniture_v2:japan_furniture_v2/jf2_white-decanter"},{"predicate":{"custom_model_data":10461},"model":"japan_furniture_v2:japan_furniture_v2/jf2_white-flag"},{"predicate":{"custom_model_data":10462},"model":"japan_furniture_v2:japan_furniture_v2/jf2_white-jar"},{"predicate":{"custom_model_data":10463},"model":"japan_furniture_v2:japan_furniture_v2/jf2_wood-box"},{"predicate":{"custom_model_data":10464},"model":"japan_street_v3:japan_street_v3/log"},{"predicate":{"custom_model_data":10465},"model":"japan_street_v3:japan_street_v3/shop_1"},{"predicate":{"custom_model_data":10466},"model":"japan_street_v3:japan_street_v3/shop_2"},{"predicate":{"custom_model_data":10467},"model":"japan_street_v3:japan_street_v3/shop_3"},{"predicate":{"custom_model_data":10468},"model":"japan_street_v3:japan_street_v3/shop_4"},{"predicate":{"custom_model_data":10469},"model":"japan_street_v3:japan_street_v3/shop_5"},{"predicate":{"custom_model_data":10470},"model":"japan_street_v3:japan_street_v3/shop_6"},{"predicate":{"custom_model_data":10471},"model":"japan_street_v3:japan_street_v3/small_chair"},{"predicate":{"custom_model_data":10472},"model":"japan_street_v3:japan_street_v3/small_flower_pot_1"},{"predicate":{"custom_model_data":10473},"model":"japan_street_v3:japan_street_v3/small_flower_pot_2"},{"predicate":{"custom_model_data":10474},"model":"japan_street_v3:japan_street_v3/small_table"},{"predicate":{"custom_model_data":10475},"model":"japan_street_v3:japan_street_v3/table_1"},{"predicate":{"custom_model_data":10476},"model":"japan_street_v3:japan_street_v3/table_2"},{"predicate":{"custom_model_data":10477},"model":"japan_street_v3:japan_street_v3/tree_pot_1"},{"predicate":{"custom_model_data":10478},"model":"japan_street_v3:japan_street_v3/tree_pot_2"},{"predicate":{"custom_model_data":10479},"model":"japan_street_v3:japan_street_v3/water_dispenser_1"},{"predicate":{"custom_model_data":10480},"model":"japan_street_v3:japan_street_v3/water_dispenser_2"},{"predicate":{"custom_model_data":10481},"model":"japan_street_v3:japan_street_v3/water_dispenser_3"},{"predicate":{"custom_model_data":10482},"model":"farmdeco:farmer_decoration_v1/beer"},{"predicate":{"custom_model_data":10483},"model":"farmdeco:farmer_decoration_v1/corn"},{"predicate":{"custom_model_data":10484},"model":"farmdeco:farmer_decoration_v1/corn_basket"},{"predicate":{"custom_model_data":10485},"model":"farmdeco:farmer_decoration_v1/door"},{"predicate":{"custom_model_data":10486},"model":"farmdeco:farmer_decoration_v1/fence"},{"predicate":{"custom_model_data":10487},"model":"farmdeco:farmer_decoration_v1/fence_corner"},{"predicate":{"custom_model_data":10488},"model":"farmdeco:farmer_decoration_v1/firewood"},{"predicate":{"custom_model_data":10489},"model":"farmdeco:farmer_decoration_v1/flower"},{"predicate":{"custom_model_data":10490},"model":"farmdeco:farmer_decoration_v1/hay_with_spade"},{"predicate":{"custom_model_data":10491},"model":"farmdeco:farmer_decoration_v1/log_axe"},{"predicate":{"custom_model_data":10492},"model":"farmdeco:farmer_decoration_v1/milk_tank"},{"predicate":{"custom_model_data":10493},"model":"farmdeco:farmer_decoration_v1/plate_rice"},{"predicate":{"custom_model_data":10494},"model":"farmdeco:farmer_decoration_v1/pond"},{"predicate":{"custom_model_data":10495},"model":"farmdeco:farmer_decoration_v1/rice_basket"},{"predicate":{"custom_model_data":10496},"model":"farmdeco:farmer_decoration_v1/scare_crow"},{"predicate":{"custom_model_data":10497},"model":"farmdeco:farmer_decoration_v1/stone"},{"predicate":{"custom_model_data":10498},"model":"farmdeco:farmer_decoration_v1/table"},{"predicate":{"custom_model_data":10499},"model":"farmdeco:farmer_decoration_v1/table_sawing"},{"predicate":{"custom_model_data":10500},"model":"farmdeco:farmer_decoration_v1/tools_stand"},{"predicate":{"custom_model_data":10501},"model":"farmdeco:farmer_decoration_v1/wheelbarrow"},{"predicate":{"custom_model_data":10502},"model":"pack_japan_furniture_v3:japan_furniture_v3/jf3_bed_white"},{"predicate":{"custom_model_data":10503},"model":"pack_japan_furniture_v3:japan_furniture_v3/jf3_bookcase"},{"predicate":{"custom_model_data":10504},"model":"pack_japan_furniture_v3:japan_furniture_v3/jf3_chair_orange"},{"predicate":{"custom_model_data":10505},"model":"pack_japan_furniture_v3:japan_furniture_v3/jf3_chair_purple"},{"predicate":{"custom_model_data":10506},"model":"pack_japan_furniture_v3:japan_furniture_v3/jf3_chair_red"},{"predicate":{"custom_model_data":10507},"model":"pack_japan_furniture_v3:japan_furniture_v3/jf3_closet"},{"predicate":{"custom_model_data":10508},"model":"pack_japan_furniture_v3:japan_furniture_v3/jf3_drum"},{"predicate":{"custom_model_data":10509},"model":"pack_japan_furniture_v3:japan_furniture_v3/jf3_shelf"},{"predicate":{"custom_model_data":10510},"model":"pack_japan_furniture_v3:japan_furniture_v3/jf3_shelf_2"},{"predicate":{"custom_model_data":10511},"model":"pack_japan_furniture_v3:japan_furniture_v3/jf3_shelf_3"},{"predicate":{"custom_model_data":10512},"model":"pack_japan_furniture_v3:japan_furniture_v3/jf3_shelf_4"},{"predicate":{"custom_model_data":10513},"model":"pack_japan_furniture_v3:japan_furniture_v3/jf3_shelf_5"},{"predicate":{"custom_model_data":10514},"model":"pack_japan_furniture_v3:japan_furniture_v3/jf3_shelf_beer"},{"predicate":{"custom_model_data":10515},"model":"pack_japan_furniture_v3:japan_furniture_v3/jf3_sofa_red"},{"predicate":{"custom_model_data":10516},"model":"pack_japan_furniture_v3:japan_furniture_v3/jf3_sofa_red_corner"},{"predicate":{"custom_model_data":10517},"model":"pack_japan_furniture_v3:japan_furniture_v3/jf3_table"},{"predicate":{"custom_model_data":10518},"model":"pack_japan_furniture_v3:japan_furniture_v3/jf3_table_2"},{"predicate":{"custom_model_data":10519},"model":"pack_japan_furniture_v3:japan_furniture_v3/jf3_table_3"},{"predicate":{"custom_model_data":10520},"model":"pack_japan_furniture_v3:japan_furniture_v3/jf3_table_4"},{"predicate":{"custom_model_data":10521},"model":"pack_japan_furniture_v3:japan_furniture_v3/jf3_table_5"},{"predicate":{"custom_model_data":10522},"model":"pack_japan_furniture_v3:japan_furniture_v3/jf3_table_6"},{"predicate":{"custom_model_data":10523},"model":"pack_japan_furniture_v3:japan_furniture_v3/jf3_table_circle_white"},{"predicate":{"custom_model_data":10524},"model":"pack_japan_furniture_v3:japan_furniture_v3/jf3_table_small"},{"predicate":{"custom_model_data":10525},"model":"elitecreatures:rome_empire_furniture_v1/bench"},{"predicate":{"custom_model_data":10526},"model":"elitecreatures:rome_empire_furniture_v1/chair_1"},{"predicate":{"custom_model_data":10527},"model":"elitecreatures:rome_empire_furniture_v1/chair_2"},{"predicate":{"custom_model_data":10528},"model":"elitecreatures:rome_empire_furniture_v1/chair_3"},{"predicate":{"custom_model_data":10529},"model":"elitecreatures:rome_empire_furniture_v1/earthenware"},{"predicate":{"custom_model_data":10530},"model":"elitecreatures:rome_empire_furniture_v1/flag_pole"},{"predicate":{"custom_model_data":10531},"model":"elitecreatures:rome_empire_furniture_v1/foot_stand"},{"predicate":{"custom_model_data":10532},"model":"elitecreatures:rome_empire_furniture_v1/lamp"},{"predicate":{"custom_model_data":10533},"model":"elitecreatures:rome_empire_furniture_v1/long_chair"},{"predicate":{"custom_model_data":10534},"model":"elitecreatures:rome_empire_furniture_v1/mirror"},{"predicate":{"custom_model_data":10535},"model":"elitecreatures:rome_empire_furniture_v1/picture"},{"predicate":{"custom_model_data":10536},"model":"elitecreatures:rome_empire_furniture_v1/pot"},{"predicate":{"custom_model_data":10537},"model":"elitecreatures:rome_empire_furniture_v1/roman_pole"},{"predicate":{"custom_model_data":10538},"model":"elitecreatures:rome_empire_furniture_v1/spatan_shield"},{"predicate":{"custom_model_data":10539},"model":"elitecreatures:rome_empire_furniture_v1/statue"},{"predicate":{"custom_model_data":10540},"model":"elitecreatures:rome_empire_furniture_v1/sun_lounger"},{"predicate":{"custom_model_data":10541},"model":"elitecreatures:rome_empire_furniture_v1/table_1"},{"predicate":{"custom_model_data":10542},"model":"elitecreatures:rome_empire_furniture_v1/table_2"},{"predicate":{"custom_model_data":10543},"model":"elitecreatures:rome_empire_furniture_v1/table_lamp"},{"predicate":{"custom_model_data":10544},"model":"elitecreatures:rome_empire_furniture_v1/weight_balance_machine"},{"predicate":{"custom_model_data":10545},"model":"japan_furniture_v1:japan_furniture_v1/jf1_bird_house"},{"predicate":{"custom_model_data":10546},"model":"japan_furniture_v1:japan_furniture_v1/jf1_bookshelf"},{"predicate":{"custom_model_data":10547},"model":"japan_furniture_v1:japan_furniture_v1/jf1_door_1_closed"},{"predicate":{"custom_model_data":10548},"model":"japan_furniture_v1:japan_furniture_v1/jf1_door_1_open"},{"predicate":{"custom_model_data":10549},"model":"japan_furniture_v1:japan_furniture_v1/jf1_door_2_closed"},{"predicate":{"custom_model_data":10550},"model":"japan_furniture_v1:japan_furniture_v1/jf1_door_1_open"},{"predicate":{"custom_model_data":10551},"model":"japan_furniture_v1:japan_furniture_v1/jf1_door_3_closed"},{"predicate":{"custom_model_data":10552},"model":"japan_furniture_v1:japan_furniture_v1/jf1_door_3_open"},{"predicate":{"custom_model_data":10553},"model":"japan_furniture_v1:japan_furniture_v1/jf1_door_4_closed"},{"predicate":{"custom_model_data":10554},"model":"japan_furniture_v1:japan_furniture_v1/jf1_door_4_open"},{"predicate":{"custom_model_data":10555},"model":"japan_furniture_v1:japan_furniture_v1/jf1_lamp_1"},{"predicate":{"custom_model_data":10556},"model":"japan_furniture_v1:japan_furniture_v1/jf1_lamp_2"},{"predicate":{"custom_model_data":10557},"model":"japan_furniture_v1:japan_furniture_v1/jf1_lamp_3"},{"predicate":{"custom_model_data":10558},"model":"japan_furniture_v1:japan_furniture_v1/jf1_lamp_4"},{"predicate":{"custom_model_data":10559},"model":"japan_furniture_v1:japan_furniture_v1/jf1_lamp_5"},{"predicate":{"custom_model_data":10560},"model":"japan_furniture_v1:japan_furniture_v1/jf1_lamp_6"},{"predicate":{"custom_model_data":10561},"model":"japan_furniture_v1:japan_furniture_v1/jf1_lamp_7"},{"predicate":{"custom_model_data":10562},"model":"japan_furniture_v1:japan_furniture_v1/jf1_lamp_8"},{"predicate":{"custom_model_data":10563},"model":"japan_furniture_v1:japan_furniture_v1/jf1_lamp_9"},{"predicate":{"custom_model_data":10564},"model":"japan_furniture_v1:japan_furniture_v1/jf1_pillar_1"},{"predicate":{"custom_model_data":10565},"model":"japan_furniture_v1:japan_furniture_v1/jf1_pillar_2"},{"predicate":{"custom_model_data":10566},"model":"japan_furniture_v1:japan_furniture_v1/jf1_pillar_3"},{"predicate":{"custom_model_data":10567},"model":"japan_furniture_v1:japan_furniture_v1/jf1_pillar_4"},{"predicate":{"custom_model_data":10568},"model":"japan_furniture_v1:japan_furniture_v1/jf1_pillar_wood_1"},{"predicate":{"custom_model_data":10569},"model":"japan_furniture_v1:japan_furniture_v1/jf1_pillar_wood_2"},{"predicate":{"custom_model_data":10570},"model":"japan_furniture_v1:japan_furniture_v1/jf1_stone_floor"},{"predicate":{"custom_model_data":10571},"model":"japan_furniture_v1:japan_furniture_v1/jf1_wall_1"},{"predicate":{"custom_model_data":10572},"model":"japan_furniture_v1:japan_furniture_v1/jf1_wall_2"},{"predicate":{"custom_model_data":10573},"model":"japan_furniture_v1:japan_furniture_v1/jf1_wall_3"},{"predicate":{"custom_model_data":10574},"model":"japan_furniture_v1:japan_furniture_v1/jf1_window_1"},{"predicate":{"custom_model_data":10575},"model":"japan_furniture_v1:japan_furniture_v1/jf1_window_2"},{"predicate":{"custom_model_data":10576},"model":"gamingroom_pack:naniii/armchair"},{"predicate":{"custom_model_data":10577},"model":"gamingroom_pack:naniii/armchair_rgb"},{"predicate":{"custom_model_data":10578},"model":"gamingroom_pack:naniii/gaming_chair_blue"},{"predicate":{"custom_model_data":10579},"model":"gamingroom_pack:naniii/gaming_chair_green"},{"predicate":{"custom_model_data":10580},"model":"gamingroom_pack:naniii/gaming_chair_red"},{"predicate":{"custom_model_data":10581},"model":"gamingroom_pack:naniii/sofa"},{"predicate":{"custom_model_data":10582},"model":"gamingroom_pack:naniii/sofa_rgb"},{"predicate":{"custom_model_data":10583},"model":"gamingroom_pack:naniii/box"},{"predicate":{"custom_model_data":10584},"model":"gamingroom_pack:naniii/cigarettes"},{"predicate":{"custom_model_data":10585},"model":"gamingroom_pack:naniii/emty_engery_drink"},{"predicate":{"custom_model_data":10586},"model":"gamingroom_pack:naniii/gamer_toilet_paper"},{"predicate":{"custom_model_data":10587},"model":"gamingroom_pack:naniii/gaming_monitor"},{"predicate":{"custom_model_data":10588},"model":"gamingroom_pack:naniii/gaming_table"},{"predicate":{"custom_model_data":10589},"model":"gamingroom_pack:naniii/gaming_tv"},{"predicate":{"custom_model_data":10590},"model":"gamingroom_pack:naniii/living_room_table"},{"predicate":{"custom_model_data":10591},"model":"gamingroom_pack:naniii/living_room_table_rgb"},{"predicate":{"custom_model_data":10592},"model":"gamingroom_pack:naniii/tft"},{"predicate":{"custom_model_data":10593},"model":"gamingroom_pack:naniii/toilet_paper"},{"predicate":{"custom_model_data":10594},"model":"gamingroom_pack:naniii/tv_dreamcraft_black"},{"predicate":{"custom_model_data":10595},"model":"gamingroom_pack:naniii/tv_dreamcraft_white"},{"predicate":{"custom_model_data":10596},"model":"gamingroom_pack:naniii/tv_table"},{"predicate":{"custom_model_data":10597},"model":"gamingroom_pack:naniii/tv_table_rgb"},{"predicate":{"custom_model_data":10598},"model":"gamingroom_pack:naniii/rgb_headphone"},{"predicate":{"custom_model_data":10599},"model":"gamingroom_pack:naniii/rgb_headphone_love"},{"predicate":{"custom_model_data":10600},"model":"city_streets:item/newspaper_read"},{"predicate":{"custom_model_data":10601},"model":"city_streets:item/pink_bag"},{"predicate":{"custom_model_data":10602},"model":"city_streets:item/watch"},{"predicate":{"custom_model_data":10603},"model":"city_streets:item/blue_hat"},{"predicate":{"custom_model_data":10604},"model":"city_streets:item/green_hat"},{"predicate":{"custom_model_data":10605},"model":"city_streets:item/hat_darkgrey"},{"predicate":{"custom_model_data":10606},"model":"city_streets:item/hat_lightgrey"},{"predicate":{"custom_model_data":10607},"model":"city_streets:item/hat_pink"},{"predicate":{"custom_model_data":10608},"model":"city_streets:item/ski_mask"},{"predicate":{"custom_model_data":10609},"model":"zencraft:decorative_oso_castano"},{"predicate":{"custom_model_data":10610},"model":"zencraft:mochila_uber"},{"predicate":{"custom_model_data":10611},"model":"zencraft:decorative_oso_rosa"},{"predicate":{"custom_model_data":10612},"model":"zencraft:decorative_oso_mini_castano"},{"predicate":{"custom_model_data":10613},"model":"zencraft:decorative_oso_mini_azu"},{"predicate":{"custom_model_data":10614},"model":"zencraft:decorative_oso_mini_azumas"},{"predicate":{"custom_model_data":10615},"model":"zencraft:decorative_oso_blanco"},{"predicate":{"custom_model_data":10616},"model":"zencraft:decorative_oso_azu"},{"predicate":{"custom_model_data":10617},"model":"zencraft:decorative_oso_mini_cafe"},{"predicate":{"custom_model_data":10618},"model":"zencraft:decorative_oso_morado"},{"predicate":{"custom_model_data":10619},"model":"zencraft:decorative_oso_mini_rosa"},{"predicate":{"custom_model_data":10620},"model":"zencraft:decorative_oso_mini_blanco"},{"predicate":{"custom_model_data":10621},"model":"zencraft:decorative_oso_mini_negro"},{"predicate":{"custom_model_data":10622},"model":"zencraft:decorative_oso_mini_morado"},{"predicate":{"custom_model_data":10623},"model":"zencraft:decorative_oso_cafe"},{"predicate":{"custom_model_data":10624},"model":"zencraft:decorative_oso_azumas"},{"predicate":{"custom_model_data":10625},"model":"zencraft:mochila_didi"},{"predicate":{"custom_model_data":10626},"model":"zencraft:decorative_oso_negro"},{"predicate":{"custom_model_data":10686},"model":"toy_furniture_v1:toy_furniture_v1/abc_block"},{"predicate":{"custom_model_data":10687},"model":"toy_furniture_v1:toy_furniture_v1/bed_1"},{"predicate":{"custom_model_data":10688},"model":"toy_furniture_v1:toy_furniture_v1/bed_2"},{"predicate":{"custom_model_data":10689},"model":"toy_furniture_v1:toy_furniture_v1/bed_3"},{"predicate":{"custom_model_data":10690},"model":"toy_furniture_v1:toy_furniture_v1/bookshelf_1"},{"predicate":{"custom_model_data":10691},"model":"toy_furniture_v1:toy_furniture_v1/bookshelf_2"},{"predicate":{"custom_model_data":10692},"model":"toy_furniture_v1:toy_furniture_v1/bookshelf_3"},{"predicate":{"custom_model_data":10693},"model":"toy_furniture_v1:toy_furniture_v1/chair_1"},{"predicate":{"custom_model_data":10694},"model":"toy_furniture_v1:toy_furniture_v1/chair_2"},{"predicate":{"custom_model_data":10695},"model":"toy_furniture_v1:toy_furniture_v1/chair_3"},{"predicate":{"custom_model_data":10696},"model":"toy_furniture_v1:toy_furniture_v1/doll_house_1"},{"predicate":{"custom_model_data":10697},"model":"toy_furniture_v1:toy_furniture_v1/doll_house_2"},{"predicate":{"custom_model_data":10698},"model":"toy_furniture_v1:toy_furniture_v1/doll_house_3"},{"predicate":{"custom_model_data":10699},"model":"toy_furniture_v1:toy_furniture_v1/rabbit_doll"},{"predicate":{"custom_model_data":10700},"model":"toy_furniture_v1:toy_furniture_v1/rug"},{"predicate":{"custom_model_data":10701},"model":"toy_furniture_v1:toy_furniture_v1/student_backpack"},{"predicate":{"custom_model_data":10702},"model":"toy_furniture_v1:toy_furniture_v1/table_1"},{"predicate":{"custom_model_data":10703},"model":"toy_furniture_v1:toy_furniture_v1/table_2"},{"predicate":{"custom_model_data":10704},"model":"toy_furniture_v1:toy_furniture_v1/table_3"},{"predicate":{"custom_model_data":10705},"model":"toy_furniture_v1:toy_furniture_v1/teddy_bear"},{"predicate":{"custom_model_data":10706},"model":"toy_furniture_v1:toy_furniture_v1/toy_boat"},{"predicate":{"custom_model_data":10707},"model":"toy_furniture_v1:toy_furniture_v1/toy_car"},{"predicate":{"custom_model_data":10708},"model":"toy_furniture_v1:toy_furniture_v1/toy_plane"},{"predicate":{"custom_model_data":10709},"model":"toy_furniture_v1:toy_furniture_v1/toy_rocket"},{"predicate":{"custom_model_data":10710},"model":"toy_furniture_v1:toy_furniture_v1/toy_spaceship"},{"predicate":{"custom_model_data":10711},"model":"toy_furniture_v1:toy_furniture_v1/toy_train_bogie"},{"predicate":{"custom_model_data":10712},"model":"toy_furniture_v1:toy_furniture_v1/toy_train_locomotive"},{"predicate":{"custom_model_data":10713},"model":"toy_furniture_v1:toy_furniture_v1/trampoline_1"},{"predicate":{"custom_model_data":10714},"model":"toy_furniture_v1:toy_furniture_v1/trampoline_2"},{"predicate":{"custom_model_data":10715},"model":"toy_furniture_v1:toy_furniture_v1/wagon"},{"predicate":{"custom_model_data":10716},"model":"toy_furniture_v1:toy_furniture_v1/wooden_toy_block"},{"predicate":{"custom_model_data":10717},"model":"vending_decoration_v1:vending_decoration_v1/vending_machine_beverage"},{"predicate":{"custom_model_data":10718},"model":"vending_decoration_v1:vending_decoration_v1/vending_machine_claw"},{"predicate":{"custom_model_data":10719},"model":"vending_decoration_v1:vending_decoration_v1/vending_machine_claw_big"},{"predicate":{"custom_model_data":10720},"model":"vending_decoration_v1:vending_decoration_v1/vending_machine_coffe"},{"predicate":{"custom_model_data":10721},"model":"vending_decoration_v1:vending_decoration_v1/vending_machine_drink"},{"predicate":{"custom_model_data":10722},"model":"vending_decoration_v1:vending_decoration_v1/vending_machine_drink_2"},{"predicate":{"custom_model_data":10723},"model":"vending_decoration_v1:vending_decoration_v1/vending_machine_gachapon"},{"predicate":{"custom_model_data":10724},"model":"vending_decoration_v1:vending_decoration_v1/vending_machine_gumball"},{"predicate":{"custom_model_data":10725},"model":"vending_decoration_v1:vending_decoration_v1/vending_machine_gumball_mini"},{"predicate":{"custom_model_data":10726},"model":"vending_decoration_v1:vending_decoration_v1/vending_machine_snack"},{"predicate":{"custom_model_data":10727},"model":"japan_street_v4:japan_street_v4/flag_1"},{"predicate":{"custom_model_data":10728},"model":"japan_street_v4:japan_street_v4/flag_2"},{"predicate":{"custom_model_data":10729},"model":"japan_street_v4:japan_street_v4/sign_1"},{"predicate":{"custom_model_data":10730},"model":"japan_street_v4:japan_street_v4/sign_2"},{"predicate":{"custom_model_data":10731},"model":"japan_street_v4:japan_street_v4/sign_3"},{"predicate":{"custom_model_data":10732},"model":"japan_street_v4:japan_street_v4/sign_4"},{"predicate":{"custom_model_data":10733},"model":"japan_street_v4:japan_street_v4/sign_5"},{"predicate":{"custom_model_data":10734},"model":"japan_street_v4:japan_street_v4/sign_6"},{"predicate":{"custom_model_data":10735},"model":"japan_street_v4:japan_street_v4/sign_7"},{"predicate":{"custom_model_data":10736},"model":"japan_street_v4:japan_street_v4/sign_8"},{"predicate":{"custom_model_data":10737},"model":"japan_street_v4:japan_street_v4/sign_9"},{"predicate":{"custom_model_data":10738},"model":"japan_street_v4:japan_street_v4/sign_10"},{"predicate":{"custom_model_data":10739},"model":"japan_street_v4:japan_street_v4/sign_11"},{"predicate":{"custom_model_data":10740},"model":"japan_street_v4:japan_street_v4/sign_12"},{"predicate":{"custom_model_data":10741},"model":"japan_street_v4:japan_street_v4/sign_13"},{"predicate":{"custom_model_data":10742},"model":"japan_street_v4:japan_street_v4/tree_pot_1"},{"predicate":{"custom_model_data":10743},"model":"japan_street_v4:japan_street_v4/tree_pot_2"},{"predicate":{"custom_model_data":10744},"model":"japan_street_v4:japan_street_v4/wood_chair"},{"predicate":{"custom_model_data":10746},"model":"christmas_2023_animated:christmas_2023_animated/chest"},{"predicate":{"custom_model_data":10747},"model":"funkos:head-staff/funko_pola"},{"predicate":{"custom_model_data":10748},"model":"zencraft:ground_bag_box"},{"predicate":{"custom_model_data":10749},"model":"zencraft:ground_bag_foldbag"},{"predicate":{"custom_model_data":10750},"model":"zencraft:ground_bag_hiking"},{"predicate":{"custom_model_data":10751},"model":"zencraft:ground_bag_scout"},{"predicate":{"custom_model_data":10752},"model":"zencraft:ground_bag_steelbox"},{"predicate":{"custom_model_data":10753},"model":"zencraft:ground_bag_suitcase"},{"predicate":{"custom_model_data":10754},"model":"magic_store:cosmetics/random_cosmetic_v1/random_cosmetic_v1_behind_ice_cream"},{"predicate":{"custom_model_data":10755},"model":"magic_store:cosmetics/random_cosmetic_v1/random_cosmetic_v1_behind_jetpack"},{"predicate":{"custom_model_data":10756},"model":"magic_store:cosmetics/random_cosmetic_v1/random_cosmetic_v1_behind_plane"},{"predicate":{"custom_model_data":10757},"model":"magic_store:cosmetics/random_cosmetic_v1/random_cosmetic_v1_behind_sword"},{"predicate":{"custom_model_data":10758},"model":"magic_store:cosmetics/random_cosmetic_v1/random_cosmetic_v1_behind_sword_1"},{"predicate":{"custom_model_data":10759},"model":"magic_store:cosmetics/random_cosmetic_v1/random_cosmetic_v1_behind_turtle"},{"predicate":{"custom_model_data":10760},"model":"magic_store:cosmetics/random_cosmetic_v1/random_cosmetic_v1_behind_book"},{"predicate":{"custom_model_data":10761},"model":"magic_store:cosmetics/random_cosmetic_v1/random_cosmetic_v1_behind_chest"},{"predicate":{"custom_model_data":10762},"model":"magic_store:cosmetics/random_cosmetic_v1/random_cosmetic_v1_behind_demon_wing"},{"predicate":{"custom_model_data":10763},"model":"magic_store:cosmetics/random_cosmetic_v1/random_cosmetic_v1_behind_guitar"},{"predicate":{"custom_model_data":10764},"model":"funkos:head-staff/funko_alexis"},{"predicate":{"custom_model_data":10765},"model":"dino_pack:items/ankylosaurus_hat"},{"predicate":{"custom_model_data":10766},"model":"dino_pack:items/ankylosaurus_tail"},{"predicate":{"custom_model_data":10767},"model":"dino_pack:items/brachiosaurus_hat"},{"predicate":{"custom_model_data":10768},"model":"dino_pack:items/brachiosaurus_tail"},{"predicate":{"custom_model_data":10769},"model":"dino_pack:items/parasaurolophus_hat"},{"predicate":{"custom_model_data":10770},"model":"dino_pack:items/parasaurolophus_tail"},{"predicate":{"custom_model_data":10771},"model":"dino_pack:items/triceratops_hat"},{"predicate":{"custom_model_data":10772},"model":"dino_pack:items/triceratops_tail"},{"predicate":{"custom_model_data":10773},"model":"dino_pack:items/tyrannosaurus_rex_hat"},{"predicate":{"custom_model_data":10774},"model":"dino_pack:items/tyrannosaurus_rex_tail"},{"predicate":{"custom_model_data":10775},"model":"funkos:head-staff/funko_abprill"},{"predicate":{"custom_model_data":10776},"model":"zencraft:crates/toffy_crate_black"},{"predicate":{"custom_model_data":10777},"model":"zencraft:crates/toffy_crate_blue"},{"predicate":{"custom_model_data":10778},"model":"zencraft:crates/toffy_crate_cinder"},{"predicate":{"custom_model_data":10779},"model":"zencraft:crates/toffy_crate_green"},{"predicate":{"custom_model_data":10780},"model":"zencraft:crates/toffy_crate_purple"},{"predicate":{"custom_model_data":10781},"model":"zencraft:crates/toffy_crate_red"},{"predicate":{"custom_model_data":10782},"model":"zencraft:crates/toffy_crate_viking"},{"predicate":{"custom_model_data":10783},"model":"wizard_hat:wizard_hat/wizard1"},{"predicate":{"custom_model_data":10784},"model":"wizard_hat:wizard_hat/wizard2"},{"predicate":{"custom_model_data":10785},"model":"wizard_hat:wizard_hat/wizard3"},{"predicate":{"custom_model_data":10786},"model":"wizard_hat:wizard_hat/wizard4"},{"predicate":{"custom_model_data":10787},"model":"wizard_hat:wizard_hat/wizard5"},{"predicate":{"custom_model_data":10788},"model":"valentinesweapon:valentines_animated_weapon_and_tool_set_v1/chest"},{"predicate":{"custom_model_data":10789},"model":"valentinesweapon:valentines_animated_weapon_and_tool_set_v1/grenade"},{"predicate":{"custom_model_data":10790},"model":"valentinesweapon:valentines_animated_weapon_and_tool_set_v1/helmet"},{"predicate":{"custom_model_data":10791},"model":"valentinesweapon:valentines_animated_weapon_and_tool_set_v1/key"},{"predicate":{"custom_model_data":10792},"model":"valentinesweapon:valentines_animated_weapon_and_tool_set_v1/quiver"},{"predicate":{"custom_model_data":10793},"model":"valentinesweapon:valentines_animated_weapon_and_tool_set_v1/quiver_self"},{"predicate":{"custom_model_data":10794},"model":"valentinesweapon:valentines_animated_weapon_and_tool_set_v1/wing"},{"predicate":{"custom_model_data":10795},"model":"valentinesweapon:valentines_animated_weapon_and_tool_set_v1/wing_self"},{"predicate":{"custom_model_data":10796},"model":"discordia:sombreros_3/tlaloc_hat"},{"predicate":{"custom_model_data":10797},"model":"discordia:sombreros_3/cat_ears_hat"},{"predicate":{"custom_model_data":10798},"model":"discordia:sombreros_3/cowboy_hat"},{"predicate":{"custom_model_data":10799},"model":"discordia:sombreros_3/crown_hat1"},{"predicate":{"custom_model_data":10800},"model":"discordia:sombreros_3/fox_hat"},{"predicate":{"custom_model_data":10801},"model":"discordia:sombreros_3/gentleman_hat"},{"predicate":{"custom_model_data":10802},"model":"discordia:sombreros_3/golden_crown"},{"predicate":{"custom_model_data":10803},"model":"discordia:sombreros_3/horns_hat"},{"predicate":{"custom_model_data":10804},"model":"discordia:sombreros_3/iron_crown"},{"predicate":{"custom_model_data":10805},"model":"discordia:sombreros_3/mafia_hat"},{"predicate":{"custom_model_data":10806},"model":"discordia:sombreros_3/pirate_hat"},{"predicate":{"custom_model_data":10807},"model":"discordia:sombreros_3/nocsy_dragon_helmet"},{"predicate":{"custom_model_data":10808},"model":"discordia:sombreros_3/champion_hat"},{"predicate":{"custom_model_data":10809},"model":"item/paper"}]}