{"credit":"MadewithBlockbench","texture_size":[64,64],"textures":{"1":"omstore:woodpack_1/beach_chair","3":"omstore:woodpack_1/armchair","particle":"omstore:woodpack_1/beach_chair"},"elements":[{"from":[4,0,-1],"to":[12,8,17],"faces":{"north":{"uv":[4.75,14,6.75,16],"rotation":90,"texture":"#3"},"east":{"uv":[1,14,5.5,16],"texture":"#1"},"south":{"uv":[4.75,14,6.75,16],"rotation":90,"texture":"#3"},"west":{"uv":[1,14,5.5,16],"texture":"#1"},"up":{"uv":[1,14,5.5,12],"rotation":90,"texture":"#1"},"down":{"uv":[5.5,10,1,12],"rotation":90,"texture":"#1"}}},{"from":[3.75,-0.25,1],"to":[12.25,8.25,3],"faces":{"north":{"uv":[15.375,15.5,16,16],"texture":"#3"},"east":{"uv":[12.75,5.375,12.25,7.5],"texture":"#3"},"south":{"uv":[15.375,15.5,16,16],"texture":"#3"},"west":{"uv":[12.25,5.375,12.75,7.5],"texture":"#3"},"up":{"uv":[12.25,7.5625,12.75,9.6875],"rotation":90,"texture":"#3"},"down":{"uv":[12.25,9.75,12.75,11.875],"rotation":90,"texture":"#3"}}},{"from":[3.75,-0.25,13],"to":[12.25,8.25,15],"rotation":{"angle":0,"axis":"y","origin":[0,0,16]},"faces":{"north":{"uv":[16,15.5,15.375,16],"texture":"#3"},"east":{"uv":[12.25,5.375,12.75,7.5],"texture":"#3"},"south":{"uv":[16,15.5,15.375,16],"texture":"#3"},"west":{"uv":[12.75,5.375,12.25,7.5],"texture":"#3"},"up":{"uv":[12.75,7.5625,12.25,9.6875],"rotation":90,"texture":"#3"},"down":{"uv":[12.75,9.75,12.25,11.875],"rotation":90,"texture":"#3"}}}],"gui_light":"front","display":{"thirdperson_righthand":{"rotation":[3.75,90,0],"translation":[0.25,2.75,2],"scale":[0.5,0.5,0.5]},"thirdperson_lefthand":{"rotation":[3.75,90,0],"translation":[0.25,2.75,2],"scale":[0.5,0.5,0.5]},"firstperson_righthand":{"rotation":[0,31.5,0],"translation":[1.75,4,0],"scale":[0.5,0.5,0.5]},"firstperson_lefthand":{"rotation":[0,31.5,0],"translation":[1.75,4,0],"scale":[0.5,0.5,0.5]},"ground":{"translation":[0.5,5,1.75],"scale":[0.3,0.3,0.3]},"gui":{"rotation":[-145,-55,-180],"translation":[0,2.25,0],"scale":[0.8,0.8,0.8]},"head":{"rotation":[180,-90,180],"translation":[0.65,-30.45,0.25],"scale":[1.6,1.6,1.6]},"fixed":{"rotation":[-90,90,0],"translation":[0,0,-16],"scale":[2,2,2]}}}