{"credit":"MadewithBlockbench","texture_size":[64,64],"textures":{"1":"omstore:woodpack_1/camping","2":"omstore:woodpack_1/armchair","particle":"omstore:woodpack_1/camping"},"elements":[{"from":[12,11,4],"to":[15,13,12],"rotation":{"angle":0,"axis":"z","origin":[9,2.5,10.38953]},"faces":{"north":{"uv":[3,1,9,1.75],"rotation":90,"texture":"#1"},"east":{"uv":[5,1,7,1.5],"texture":"#1"},"south":{"uv":[3,1,9,1.75],"rotation":90,"texture":"#1"},"west":{"uv":[4.5,1.25,6.5,1.75],"texture":"#1"},"up":{"uv":[3,1,9,1.75],"rotation":90,"texture":"#1"},"down":{"uv":[3.5,1,9,1.75],"rotation":90,"texture":"#1"}}},{"from":[1,11,4],"to":[4,13,12],"rotation":{"angle":0,"axis":"z","origin":[9,2.5,10.38953]},"faces":{"north":{"uv":[3,1,9,1.75],"rotation":90,"texture":"#1"},"east":{"uv":[5,1,7,1.5],"texture":"#1"},"south":{"uv":[3,1,9,1.75],"rotation":90,"texture":"#1"},"west":{"uv":[4.5,1.25,6.5,1.75],"texture":"#1"},"up":{"uv":[3,1,9,1.75],"rotation":90,"texture":"#1"},"down":{"uv":[3.5,1,9,1.75],"rotation":90,"texture":"#1"}}},{"from":[0,13,0],"to":[16,16.01,16],"rotation":{"angle":0,"axis":"z","origin":[9,2.5,10.38953]},"faces":{"north":{"uv":[15.25,0,16,4],"rotation":90,"texture":"#2"},"east":{"uv":[11.5,15,7.5,15.7525],"texture":"#2"},"south":{"uv":[15.25,4,16,0],"rotation":90,"texture":"#2"},"west":{"uv":[7.5,15,11.5,15.7525],"texture":"#2"},"up":{"uv":[9,4,13,0],"rotation":90,"texture":"#2"},"down":{"uv":[7,4,15,0],"rotation":90,"texture":"#2"}}},{"from":[1,0,12],"to":[4,13,15],"rotation":{"angle":0,"axis":"z","origin":[7,5.5,10.38953]},"faces":{"north":{"uv":[2.5,6.5,1.75,9.75],"texture":"#1"},"east":{"uv":[12,1.75,11.25,5],"texture":"#1"},"south":{"uv":[1.75,6.5,2.5,9.75],"texture":"#1"},"west":{"uv":[2.5,6.25,3.25,9.5],"texture":"#1"},"up":{"uv":[1.75,5.5,1,6.25],"texture":"#1"},"down":{"uv":[1,9.75,1.75,9],"rotation":90,"texture":"#1"}}},{"from":[4,11,12],"to":[12,14,15],"rotation":{"angle":0,"axis":"z","origin":[9,5.5,10.38953]},"faces":{"north":{"uv":[1,8.25,0.25,6.25],"rotation":90,"texture":"#1"},"east":{"uv":[1,8.25,1.75,6.25],"rotation":90,"texture":"#1"},"south":{"uv":[1,8.25,0.25,6.25],"rotation":90,"texture":"#1"},"west":{"uv":[1,8.25,1.75,6.25],"rotation":90,"texture":"#1"},"up":{"uv":[0.25,8.25,1,6.25],"rotation":90,"texture":"#1"},"down":{"uv":[9,3,9.75,1],"rotation":90,"texture":"#1"}}},{"from":[12,0,12],"to":[15,13,15],"rotation":{"angle":0,"axis":"z","origin":[9,5.5,10.38953]},"faces":{"north":{"uv":[1.75,6.5,2.5,9.75],"texture":"#1"},"east":{"uv":[2.5,6.25,3.25,9.5],"texture":"#1"},"south":{"uv":[2.5,6.5,1.75,9.75],"texture":"#1"},"west":{"uv":[11.25,1.75,12,5],"texture":"#1"},"up":{"uv":[1,5.5,1.75,6.25],"texture":"#1"},"down":{"uv":[1.75,10,1,9.25],"rotation":90,"texture":"#1"}}},{"from":[4,0,12],"to":[12,3,15],"rotation":{"angle":0,"axis":"z","origin":[7,5.5,10.38953]},"faces":{"north":{"uv":[1,6.25,1.75,8.25],"rotation":90,"texture":"#1"},"east":{"uv":[1,6.25,1.75,8.25],"rotation":90,"texture":"#1"},"south":{"uv":[1,6.25,1.75,8.25],"rotation":90,"texture":"#1"},"west":{"uv":[1,6.25,1.75,8.25],"rotation":90,"texture":"#1"},"up":{"uv":[9,1,9.75,3],"rotation":90,"texture":"#1"},"down":{"uv":[1,8.25,1.75,10.25],"rotation":90,"texture":"#1"}}},{"from":[12,0,1],"to":[15,13,4],"rotation":{"angle":0,"axis":"z","origin":[9,5.5,10.38953]},"faces":{"north":{"uv":[5.75,11,6.5,14.25],"texture":"#1"},"east":{"uv":[2.5,6.25,3.25,9.5],"texture":"#1"},"south":{"uv":[2.5,6.5,1.75,9.75],"texture":"#1"},"west":{"uv":[11.25,1.75,12,5],"texture":"#1"},"up":{"uv":[1,5.5,1.75,6.25],"texture":"#1"},"down":{"uv":[1.75,10,1,9.25],"rotation":90,"texture":"#1"}}},{"from":[4,0,1],"to":[12,3,4],"rotation":{"angle":0,"axis":"z","origin":[7,5.5,10.38953]},"faces":{"north":{"uv":[1,6.25,1.75,8.25],"rotation":90,"texture":"#1"},"east":{"uv":[1,6.25,1.75,8.25],"rotation":90,"texture":"#1"},"south":{"uv":[1,6.25,1.75,8.25],"rotation":90,"texture":"#1"},"west":{"uv":[1,6.25,1.75,8.25],"rotation":90,"texture":"#1"},"up":{"uv":[9,1,9.75,3],"rotation":90,"texture":"#1"},"down":{"uv":[1,8.25,1.75,10.25],"rotation":90,"texture":"#1"}}},{"from":[1,0,1],"to":[4,13,4],"rotation":{"angle":0,"axis":"z","origin":[7,5.5,10.38953]},"faces":{"north":{"uv":[2.5,6.5,1.75,9.75],"texture":"#1"},"east":{"uv":[12,1.75,11.25,5],"texture":"#1"},"south":{"uv":[1.75,6.5,2.5,9.75],"texture":"#1"},"west":{"uv":[2.5,6.25,3.25,9.5],"texture":"#1"},"up":{"uv":[1.75,5.5,1,6.25],"texture":"#1"},"down":{"uv":[1,9.75,1.75,9],"rotation":90,"texture":"#1"}}},{"from":[4,11,1],"to":[12,14,4],"rotation":{"angle":0,"axis":"z","origin":[9,5.5,10.38953]},"faces":{"north":{"uv":[1,8.25,0.25,6.25],"rotation":90,"texture":"#1"},"east":{"uv":[1,8.25,1.75,6.25],"rotation":90,"texture":"#1"},"south":{"uv":[1,8.25,0.25,6.25],"rotation":90,"texture":"#1"},"west":{"uv":[1,8.25,1.75,6.25],"rotation":90,"texture":"#1"},"up":{"uv":[0.25,8.25,1,6.25],"rotation":90,"texture":"#1"},"down":{"uv":[9,3,9.75,1],"rotation":90,"texture":"#1"}}}],"gui_light":"front","display":{"thirdperson_righthand":{"rotation":[0,-90,-6],"translation":[0,0.5,0],"scale":[0.2,0.2,0.2]},"thirdperson_lefthand":{"rotation":[0,-90,-6],"translation":[0,0.5,0],"scale":[0.2,0.2,0.2]},"firstperson_righthand":{"rotation":[180,159,180],"translation":[2,0.75,2.5],"scale":[0.4,0.4,0.4]},"firstperson_lefthand":{"rotation":[180,159,180],"translation":[2,0.75,2.5],"scale":[0.4,0.4,0.4]},"ground":{"translation":[0,2.25,0],"scale":[0.3,0.3,0.3]},"gui":{"rotation":[30,45,0],"translation":[0,-0.25,0],"scale":[0.63,0.63,0.63]},"head":{"rotation":[-180,90,-180],"translation":[0,-30.45,0],"scale":[1.6,1.6,1.6]},"fixed":{"rotation":[-90,-90,0],"translation":[0,0,-16],"scale":[2,2,2]}}}