{"credit":"MadewithBlockbench","texture_size":[40,40],"textures":{"1":"pack_japan_furniture_v3:japan_furniture_v3/jf3_closet"},"elements":[{"from":[2,0,5],"to":[14,16,11],"faces":{"north":{"uv":[2.45,0,7.25,6.4],"texture":"#1"},"east":{"uv":[2.4,0,0,6.4],"texture":"#1"},"south":{"uv":[7.325,0,12.125,6.4],"texture":"#1"},"west":{"uv":[0,0,2.4,6.4],"texture":"#1"},"up":{"uv":[0,6.475,4.8,8.875],"texture":"#1"},"down":{"uv":[0,8.875,4.8,6.475],"texture":"#1"}}}],"display":{"thirdperson_righthand":{"rotation":[8.75,0,0],"translation":[0,0.25,0.25],"scale":[0.31,0.31,0.37]},"thirdperson_lefthand":{"rotation":[8.75,0,0],"translation":[0,0.25,0.25],"scale":[0.31,0.31,0.37]},"firstperson_righthand":{"scale":[0,0,0]},"firstperson_lefthand":{"scale":[0,0,0]},"ground":{"scale":[0.42,0.42,0.42]},"gui":{"rotation":[20,153,0],"translation":[0,-0.75,0],"scale":[0.81,0.81,0.81]},"head":{"translation":[0,-19.25,-2.25],"scale":[3.06,3.06,3.1]},"fixed":{"translation":[0,0,-5.5]}}}